video_id,video_url,ann_1,ann_2,part_1_scores,part_2_scores
8,https://mtc.cdn.vine.co/r/videos_h264high/9EB0E6752C1283674414780723200_4fb95c40c21.4.1.8259012828175379513.mp4,20,7,0.75,0.57
26,https://mtc.cdn.vine.co/r/videos_h264high/A8B3EC75A41310911858093559808_1c7ccbc9d32.4.7.mp4,23,7,0.87,0.43
33,https://mtc.cdn.vine.co/r/videos/267829AEFA1289257200929435648_4741f3bfd41.5.0.8378585464982420345.mp4,26,4,0.69,0.75
46,https://mtc.cdn.vine.co/r/videos_h264high/B974B0478B1305585737231663104_SW_WEBM_14542495275220fe992b1c6.mp4,23,7,0.87,0.57
64,https://mtc.cdn.vine.co/r/videos_h264high/C4D67116E91173152184846925824_SW_WEBM_142267547858813efdf6ced.mp4,19,9,0.84,0.56
70,https://mtc.cdn.vine.co/r/videos_h264high/C6A4A576911236904693415178240_1a32c6cecde.3.2.mp4,23,10,0.74,1.00
74,https://mtc.cdn.vine.co/r/videos_h264high/C7D6D317DF1270617114394370048_SW_WEBM_1445912930490d5369f3c2a.mp4,23,9,0.91,1.00
117,https://mtc.cdn.vine.co/r/videos_h264high/E83E9179781290007399750684672_SW_WEBM_1450535898201538af39024.mp4,27,10,0.89,0.90
139,https://mtc.cdn.vine.co/r/videos_h264high/F5B4E79B201172160925109776384_SW_WEBM_14224391277725414eb62d9.mp4,22,5,0.82,0.80
143,https://mtc.cdn.vine.co/r/videos_h264high/F73006C3261259711268294627328_42d9f3630a4.1.0.12424165254787892012.mp4,21,14,0.81,0.86
148,https://mtc.cdn.vine.co/r/videos_h264high/FB5D924DB81331967614607634432_52a486f3467.9.0.5886835836032353801.mp4,22,7,0.73,0.86
160,https://mtc.cdn.vine.co/r/videos_h264high/FE9C9F170D1308081475459121152_SW_WEBM_145484512398988b8611260.mp4,28,7,0.82,0.43
165,https://mtc.cdn.vine.co/v/videos/9C281B88-9E54-40CF-B706-001D77E37B24-1594-0000012B4CCBBADF_1.1.2.mp4,24,10,0.88,0.80
171,https://v.cdn.vine.co/r/videos/0207C093101288735495769169920_4ad45098de1.4.0.5252287499279722342.mp4,22,6,0.82,0.67
172,https://mtc.cdn.vine.co/r/videos/2C1CD022071092061332540416000_2674f4e57f2.0.4.3058183557457386274.mp4,23,6,0.87,0.83
188,https://v.cdn.vine.co/r/videos/0C1A2F8E1E1218317824469385216_34cbd3da9a6.3.3.9089864552611462995.mp4,23,7,0.83,0.71
216,https://v.cdn.vine.co/r/videos/17FBE3535C970925666092863488_1421fd21cbc.3.1_5j8bDTUTiYJk7aPXgb2AiYtWaHOAgCH7PWvneuGIUDH9HwSKDfgi1.UbR2eEPUBC.mp4,20,6,0.85,0.83
220,https://v.cdn.vine.co/r/videos/18B239B7631008171022677073920_146b2b733e2.3.1_lujEzqnA6Ehu5tLvEBN2LqWBLSwXi.js1PGTBauREt8fQdE0E9I9w2WRk9YDxu5O.mp4,23,6,0.91,1.00
225,https://v.cdn.vine.co/r/videos/1A677686E51275231391042670592_4b48645f719.3.0.4839819134134558798.mp4,25,6,0.72,0.67
227,https://v.cdn.vine.co/r/videos/1A9A09E87C1020423331884720128_105f712bb90.4.4.4745769629819302061_3cinPh_HduRIcTOcOCfyb.BSZfyPpEsl2.umXd46eVxrobLofzEvfh6s51bJK8Zv.mp4,24,6,0.92,0.83
241,https://v.cdn.vine.co/r/videos/1E3448093E1098420366805983232_183e735173f.4.7.mp4,24,14,0.88,0.71
246,https://v.cdn.vine.co/r/videos/2320D8DDE31022286286406496256_1196ccdc5f3.4.4.8750167768151240900_cjz76XFSW_lRcxMgEdVqCbVgy.J4.Hdwe00dC7yyq_5b1RTjq2uCsrMrqdHDWCYr.mp4,27,8,0.96,1.00
250,https://mtc.cdn.vine.co/r/videos/2F3C4AC3441177607211065782272_315002b18b6.1.5.17458932009632344785.mp4,23,6,0.78,0.83
261,https://v.cdn.vine.co/r/videos/270115EA311129062794516430848_28a40530528.5.1.4746853560199064683.mp4,18,9,1.00,0.89
271,https://v.cdn.vine.co/r/videos/2A9C31BB511235368373643563008_370540de6cf.4.3.11512187637443804729.mp4,27,8,0.85,0.63
276,https://v.cdn.vine.co/r/videos/2D8EA4C8AA1134564927764414464_233c65c9ca3.5.1.7783255317703181082.mp4,18,7,0.78,0.71
279,https://v.cdn.vine.co/r/videos/2F6883F6171147187096948527104_356b3923b28.0.1.16137210182130412106.mp4,20,7,0.80,0.43
280,https://mtc.cdn.vine.co/r/videos/305897268A1146471096972132352_3a6693aac9d.0.1.11916947180922932874.mp4,15,7,0.80,0.71
305,https://v.cdn.vine.co/r/videos/3C4848646A971902724365262848_1afcf6d443e.3.1_z_NB8f.T6rhbLgD0Z2aecqw17mzGkLJTr0C64E9dld_1YMIe3_.8lSEroDC3Y7E..mp4,22,8,0.95,0.38
309,https://v.cdn.vine.co/r/videos/3E7951EA431103936911833518080_13fecc5f94a.3.2.mp4,25,7,0.76,0.71
310,https://mtc.cdn.vine.co/r/videos/32B265DC751336412703090253824_52dbc38a2c4.9.0.16943007567965597075.mp4,23,8,0.87,0.88
315,https://v.cdn.vine.co/r/videos/4193F174591165398667814125568_3fe84aea8a9.1.5.15444510396003415420.mp4,26,6,0.77,1.00
398,https://v.cdn.vine.co/r/videos/6473FADAEA1047586161515716608_14a6947f35a.3.3.mp4,18,8,1.00,0.88
400,https://mtc.cdn.vine.co/r/videos/35D8A2E7221191824203843035136_367b1e7598f.2.0.5783036773696757994.mp4,29,7,0.93,0.86
410,https://mtc.cdn.vine.co/r/videos/36031E4B761300715919269847040_45bed1f0c33.5.1.7222582966642002370.mp4,21,7,0.71,0.57
415,https://v.cdn.vine.co/r/videos/6A2AD397F61311284177333022720_4a7297f51b1.5.1.9041679425796495089.mp4,28,14,0.57,0.93
484,https://v.cdn.vine.co/r/videos/8994C029811175772700363608064_33da6cbde3d.1.5.430670738906960759.mp4,24,5,0.71,0.20
505,https://v.cdn.vine.co/r/videos/9455C3F4101137855747732983808_3d0f6e0097c.0.1.13037039316680216535.mp4,20,9,0.85,0.67
508,https://v.cdn.vine.co/r/videos/956670CAA4994789317421764608_13dde722b7b.3.4_sHybx4juhDkOCNxvbxUJov9q2djtKvas5JHlrtQ2J3Q9T.xEFvhzmrcyWJQ2O9_4.mp4,31,10,0.87,1.00
528,https://v.cdn.vine.co/r/videos/9A5E46DA521033079146743734272_13892794302345ed6bfb881.mp4_RWGbe03Y2iG03lQS4T011MStq9hcIWVZkzIF5MG1aRagH2bOKx3pIoo1QnS9scUJ.mp4,20,6,0.80,0.83
538,https://v.cdn.vine.co/r/videos/A49720D0571002942051408842752_1ae46040843.3.4_H.w0ggD7.W_LKzD5hIzX90iJ8NnYUSgKeccOj8fcdIaTLizUL6n_ZQOc2_VSHIWo.mp4,27,9,0.93,1.00
539,https://v.cdn.vine.co/r/videos/A4B49B37C01148174703001800704_3d2b74b7c92.0.1.343329553798905942.mp4,28,8,0.64,0.63
541,https://v.cdn.vine.co/r/videos/A51843F3451025083828089307136_13bd50e424b.4.5.17059224540952530083_3f7zcyH7BEeiSHg15sNoAwQ3o.nuZfzkXSAGIsXUvM8m1SVFl1RiBlmoKr0hKHIL.mp4,20,6,1.00,1.00
549,https://v.cdn.vine.co/r/videos/A77F0C9CDE1076185752427229184_1144006454e.3.2.mp4,26,6,0.85,1.00
553,https://mtc.cdn.vine.co/r/videos/3AA6F100CC1256497801253548032_41e1202dbbd.0.2.3448010006328372724.mp4,25,6,0.80,0.83
556,https://v.cdn.vine.co/r/videos/A92107BC6A1282851221673480192_425d57616f6.4.0.15305342422016160812.mp4,25,7,0.96,1.00
574,https://v.cdn.vine.co/r/videos/B234D0AF7D1178520748042711040_2f1acd5dedf.5.1.6513483067590601639.mp4,18,10,0.89,0.50
632,https://v.cdn.vine.co/r/videos/CE7FF648341098725077027037184_226e85a8076.1.0.4232832228545617660.mp4,28,4,0.89,1.00
650,https://v.cdn.vine.co/r/videos/D480F8865A1027839183550611456_1db791ca6e7.4.6.16009594499317684610_GiI6z.sHeuzIuYxuz8hUMiQA6LTy3aAJ0kSktcHTZpYTQlEmE5Yzu3SJMcRPxab..mp4,19,8,0.79,0.75
660,https://v.cdn.vine.co/r/videos/D91A09D8341108679248589307904_231b6120c6a.1.2.9533607224924777219.mp4,21,8,0.81,1.00
661,https://v.cdn.vine.co/r/videos/D9AF8C880E1292220516995899392_48e9ad4b5a5.5.0.5608413761018567033.mp4,27,15,0.81,0.67
663,https://v.cdn.vine.co/r/videos/DA11E7EA551178004839951663104_36c169f42cf.1.5.1056014695427298480.mp4,22,8,0.77,0.75
687,https://v.cdn.vine.co/r/videos/E6B09F61D51247977151756918784_3a6c2390674.4.6.12222387913958842596.mp4,27,8,0.89,0.63
730,https://v.cdn.vine.co/r/videos/FAD4D19BF71153248815764135936_3715686289f.1.1.4493237113157399744.mp4,20,7,0.90,0.71
731,https://mtc.cdn.vine.co/r/videos/405444BD131055901158021468160_18e9c7a330a.4.8.13050101307395445154.mp4,22,7,0.82,0.71
754,https://v.cdn.vine.co/r/videos_h264high/11BE7D61BA1196991649163743232_3482a6e7d49.2.1.4302647435160888916.mp4,23,10,0.87,0.90
760,https://v.cdn.vine.co/r/videos_h264high/15749E70901316250987245527040_SW_WEBM_1456792892849aff8a1bbee.mp4,28,8,0.71,0.75
784,https://v.cdn.vine.co/r/videos_h264high/313EA916821295510085870944256_SW_WEBM_14518478836626aa9475fa8.mp4,16,8,0.88,0.50
798,https://v.cdn.vine.co/r/videos_h264high/3DFC30843E1311161041312505856_50536a92933.3.0.15854617039256771780.mp4,24,10,0.92,0.70
799,https://v.cdn.vine.co/r/videos_h264high/4011A8AD281296553089159098368_SW_WEBM_145209654557407517300d4.mp4,25,6,0.88,0.67
815,https://v.cdn.vine.co/r/videos_h264high/4DF7B242D11318384495334137856_56dca83dd411d9851e964d6.mp4,14,12,0.93,0.83
818,https://v.cdn.vine.co/r/videos_h264high/518295626E1284538286471520256_SW_WEBM_1449231905974fd667086d8.mp4,17,7,1.00,1.00
827,https://v.cdn.vine.co/r/videos_h264high/5C636FCC1E1301842060038815744_SW_WEBM_145335753715407b36d6f70.mp4,24,8,0.92,0.75
829,https://v.cdn.vine.co/r/videos_h264high/618725FBD31241196677646458880_16e03a24e64.3.2.mp4,26,6,0.92,0.83
834,https://v.cdn.vine.co/r/videos_h264high/6BF69FAC971274232992709378048_SW_WEBM_14467750299659fdeb122b2.mp4,17,8,0.82,0.88
853,https://v.cdn.vine.co/r/videos_h264high/856698EE7B1319591237598474240_5a72758c8e6.7.0.6795005863189855215.mp4,20,6,0.80,1.00
854,https://v.cdn.vine.co/r/videos_h264high/85BDDD6DEC1322921832302919680_SW_WEBM_14583833472382fd7e5a117.mp4,19,8,0.68,0.88
864,https://v.cdn.vine.co/r/videos_h264high/9133DEFF701169795084720721920_SW_WEBM_14218750900415adbe49293.mp4,25,10,0.64,0.70
919,https://v.cdn.vine.co/r/videos_h264high/D64806ADAC1318751001020608512_13b8d636f05.3.2.mp4,25,9,0.80,0.67
935,https://v.cdn.vine.co/r/videos_h264high/E2E9343CA71295982073043193856_4ce7021a16d.5.0.3361674346099331307.mp4,24,7,0.79,1.00
941,https://v.cdn.vine.co/r/videos_h264high/E5A28DE9391324394516836466688_SW_WEBM_1458734467938e75ce4f9ba.mp4,20,9,0.90,1.00
949,https://v.cdn.vine.co/r/videos_h264high/ECB59B61D41318658527774031872_SW_WEBM_1457366900762b6ec5121ae.mp4,24,6,0.88,0.67
952,https://v.cdn.vine.co/r/videos_h264high/EF4A8D91101224051197909303296_1508b9d009c.3.2.mp4,22,9,0.73,0.89
955,https://v.cdn.vine.co/r/videos_h264high/F1F0D7E31C1311056698269732864_5f903bb593f.3.0.13833737727010384315.mp4,27,8,0.81,0.75
957,https://mtc.cdn.vine.co/r/videos/462A2AB3BD1300339429944324096_44073224797.5.1.10899038391314684618.mp4,18,8,0.94,1.00
983,https://mtc.cdn.vine.co/r/videos/487C0824-C9A0-4EEB-9075-CCFEFFD88C03-16152-000005C8F2D27258_18d79d56541.1.3.mp4,32,7,0.88,0.71
989,https://mtc.cdn.vine.co/r/videos/4A49886B261135261803845492736_255fa387a1d.5.1.5094887565282772312.mp4,30,8,0.87,1.00
1000,https://mtc.cdn.vine.co/r/videos/4EA7CB72AD1299817365059801088_48d2e9ad36d.5.1.10242369435598483619.mp4,21,6,0.86,0.83
1004,https://mtc.cdn.vine.co/r/videos/4F8AFDCDDF1285758225467244544_4688ae56a3b.4.1.765798070727877038.mp4,24,10,0.88,0.60
1015,https://mtc.cdn.vine.co/r/videos/53F59981DB1263697352721084416_4d35e07bd96.0.2.7870364516596564015.mp4,24,7,0.92,0.86
1024,https://mtc.cdn.vine.co/r/videos/567F787DEF1183700472029429760_36c54890403.1.5.9142046159179931205.mp4,22,5,0.68,0.60
1025,https://mtc.cdn.vine.co/r/videos/56A7461C671089212597133586432_1109a584d4f.3.2.mp4,20,12,0.90,0.83
1030,https://mtc.cdn.vine.co/r/videos/591551FD861057866874471493632_171054b2e3b.4.8.8740886621737430769.mp4,15,6,0.87,0.33
1034,https://mtc.cdn.vine.co/r/videos/5A3CF790C91061848717650538496_123565885fe.3.2.mp4,20,12,0.90,0.92
1099,https://mtc.cdn.vine.co/r/videos/6E8FEDB8391232814299165675520_378d04f047b.4.2.17312402772924691219.mp4,24,9,0.88,0.89
1103,https://mtc.cdn.vine.co/r/videos/6F3093E5691124072844167442432_2f731785cdb.5.1.8032060809332429891.mp4,22,9,0.91,0.33
1110,https://mtc.cdn.vine.co/r/videos/0F5230215C1130915086090055680_2dc36165b3c.5.1.14445304136123701967.mp4,23,9,0.65,0.67
1115,https://mtc.cdn.vine.co/r/videos/741689EF0F1114408753069285376_2922c981239.5.0.16396849143230108035.mp4,22,6,0.95,1.00
1128,https://mtc.cdn.vine.co/r/videos/0FEE9A32DD1111072045137084416_2acad8e4a97.2.1.1915098298816843113.mp4,16,7,0.81,0.71
1129,https://mtc.cdn.vine.co/r/videos/7873E3A4611259492897661857792_40689debe99.0.2.3640768021972644108.mp4,24,7,0.88,0.71
1131,https://mtc.cdn.vine.co/r/videos/78FD28F7701021521938704748544_1253b8f7529.4.4.14787820338222307452_AO5mO5Jy3wt5HWQbBeLZksrVDU4MvfyRkXkBdshLm7bPVwNJl5KN.MawBDYbqI_s.mp4,26,11,0.69,0.91
1142,https://mtc.cdn.vine.co/r/videos/7C9B64A3441183291682234707968_3798b5cec60.1.5.13872091695245432371.mp4,23,9,0.70,0.00
1152,https://mtc.cdn.vine.co/r/videos/8145DD75D81175624910349971456_37d4ac0dbc8.1.5.7652550102522572921.mp4,29,7,0.93,0.86
1154,https://mtc.cdn.vine.co/r/videos/81DAE0BAAD1068341325457494016_2879ca292da.0.1.14018294193020511187.mp4,26,9,1.00,0.78
1173,https://mtc.cdn.vine.co/r/videos/85D53646BD1070924301835841536_1c4b427bd52.3.2.mp4,24,6,0.92,0.83
1174,https://mtc.cdn.vine.co/r/videos/86A8123E701134917202189946880_22d9f355b8c.5.1.17215874654495601117.mp4,19,6,0.89,0.83
1177,https://mtc.cdn.vine.co/r/videos/87D8B3F2F01173036364615372800_35d9aeb6ec8.1.5.14615919254513083151.mp4,23,7,0.74,0.57
1182,https://mtc.cdn.vine.co/r/videos/88F45594221169483063559151616_39b9eda48c1.1.5.16248299128677249535.mp4,23,8,0.70,0.75
1190,https://mtc.cdn.vine.co/r/videos/12564148AC1246576630269935616_34d7bb395d8.1.5.7057496032009803477.mp4,24,10,0.96,0.90
1193,https://mtc.cdn.vine.co/r/videos/8E912F33831265144972115054592_14446077388465af3a4b.4665.mp4,23,4,0.96,0.75
1199,https://mtc.cdn.vine.co/r/videos/9089C456611313101592916029440_5253faeff94.5.0.9132666441072229878.mp4,23,10,0.87,0.60
1203,https://mtc.cdn.vine.co/r/videos/9218E806901156394162581610496_340dc1d5e99.1.1.17831811522818099881.mp4,21,7,0.81,1.00
1206,https://mtc.cdn.vine.co/r/videos/9355B709711140014968184377344_3fd34df65d3.0.1.15959521083938197014.mp4,21,11,0.95,0.73
1213,https://mtc.cdn.vine.co/r/videos/95A71E0D771253196725393809408_4ce35d03d75.0.1.11752832061143314498.mp4,23,8,0.70,0.88
1220,https://mtc.cdn.vine.co/r/videos/97AA8885AF1329155464935964672_53fffde4dff.9.0.18207455792946624990.mp4,19,11,0.84,0.91
1223,https://mtc.cdn.vine.co/r/videos/99292CD47C1185072055285432320_3b8f58d179e.1.5.4076955043279212716.mp4,22,8,0.91,0.63
1238,https://mtc.cdn.vine.co/r/videos/9DCDADBA5F1106471390976323584_1ba2abe6a5e.3.2.mp4,26,7,0.77,0.86
1245,https://mtc.cdn.vine.co/r/videos/A32CA64E0D1232067677997137920_3b4426d431b.1.5.4416007085047272773.mp4,22,10,0.73,0.70
1246,https://mtc.cdn.vine.co/r/videos/13D4B147D51265444701734359040_4e3635b261b.1.1.20134920221217940.mp4,23,8,0.91,0.88
1248,https://mtc.cdn.vine.co/r/videos/A3B3407DAE1169820915429990400_32a6a0e1403.1.5.2964631104527783965.mp4,20,7,0.85,0.57
1267,https://mtc.cdn.vine.co/r/videos/01665FB08E1051354316893999104_19e460ffd7e.3.2.mp4,27,6,0.81,0.50
1279,https://mtc.cdn.vine.co/r/videos/AD238763B91291572007984898048_4d16e5a5705.5.0.18437702810932865373.mp4,18,6,0.94,0.67
1281,https://mtc.cdn.vine.co/r/videos/ADC24F13071034191616489009152_1e5594ed4f4.4.7.5921878049958731630_93QwQGxutMgBeUV0MoV_vmri3yQfvkLjqIUI2qWHcU9t7HS8iu9Gn0iTteLN7OPK.mp4,25,6,0.88,0.33
1309,https://mtc.cdn.vine.co/r/videos/B58E2E17771329228549760135168_502167fbca8.9.0.5127718570021210792.mp4,19,11,0.95,0.91
1317,https://mtc.cdn.vine.co/r/videos/B9770FC5FD1169603886445699072_3209cb97b86.1.5.8743596913584944097.mp4,18,6,1.00,0.83
1319,https://mtc.cdn.vine.co/r/videos/B9EC44C0591115675973354938368_25c94133c41.5.0.13558198714958611405.mp4,23,7,0.96,0.86
1326,https://mtc.cdn.vine.co/r/videos/BC4C64A0F11155310602093518848_383f0b586fd.1.1.1916880502074378840.mp4,24,6,0.83,0.67
1343,https://mtc.cdn.vine.co/r/videos/C159467A901315395182417833984_5af308b8405.5.0.3583785011964165291.mp4,32,5,0.84,0.60
1355,https://mtc.cdn.vine.co/r/videos/17D4610F9A1306161574888759296_49fa2b12317.5.1.6356132553818813030.mp4,21,8,0.62,1.00
1375,https://mtc.cdn.vine.co/r/videos/C9CE12FF711285743507998920704_43ad67606f8.4.1.2867785860662010058.mp4,27,6,0.89,0.83
1381,https://mtc.cdn.vine.co/r/videos/CAA98B45B81274868692257312768_4456d89bac4.3.0.16163920399395405834.mp4,20,8,0.90,0.63
1392,https://mtc.cdn.vine.co/r/videos/CE180B1CA81167695274802597888_20471e40dc3.5.1.2131217649627649317.mp4,18,8,0.83,0.75
1395,https://mtc.cdn.vine.co/r/videos/CF68E0142B1130365689908088832_166c3bfb84f.3.2.mp4,18,7,0.72,0.57
1421,https://mtc.cdn.vine.co/r/videos/D7A5707C091261037834714914816_41040d243d8.1.1.4549977710373756091.mp4,23,9,0.91,0.78
1423,https://mtc.cdn.vine.co/r/videos/D8579329B61089384486560468992_1a97b4adf6e.3.2.mp4,19,12,0.84,0.67
1436,https://mtc.cdn.vine.co/r/videos/DC4E40507A1047923513467531264_1c6475b1725.4.8.11964807620334858075.mp4,27,4,0.81,1.00
1443,https://mtc.cdn.vine.co/r/videos/1A175302AC1157171083209072640_3d94d5ffdec.1.3.11911689776165037548.mp4,30,7,0.80,0.71
1463,https://mtc.cdn.vine.co/r/videos/02051AFAAF1293792612632948736_4aa740f533a.5.0.4487344481236987796.mp4,20,10,0.60,0.60
1484,https://mtc.cdn.vine.co/r/videos/1C35229BD3978557881769406464_17669ef27e7.3.1_VtImjrott5RXiBFS4Idq1wIXx9Rrj6dv2LTe4uLrgW6x89ygJ3YGJtSl29Lm4BMN.mp4,20,6,0.85,0.67
1489,https://mtc.cdn.vine.co/r/videos/EE7D12BA9F1298428480895451136_10f7b8a01eb.3.2.mp4,22,9,0.82,0.78
1495,https://mtc.cdn.vine.co/r/videos/EF917CC38C1135793846400212992_2b7bbb56dc5.5.1.418647809953123294.mp4,21,7,0.90,0.86
1500,https://mtc.cdn.vine.co/r/videos/F12C4B79301143316682283384832_3fc08e57338.0.1.7058176851876511852.mp4,26,15,0.85,0.67
1506,https://mtc.cdn.vine.co/r/videos/F33123A9531066217197678063616_21fd9a72c0c.0.0.11804706626146234418.mp4,20,9,0.85,0.67
1517,https://mtc.cdn.vine.co/r/videos/F8FD606D751214060666302943232_3e418e9b0c2.3.2.6585097501431627885.mp4,21,7,0.71,1.00
1530,https://mtc.cdn.vine.co/r/videos/FD765437F71206265657739100160_3a1027d8dd7.3.0.3199470088949706226.mp4,17,8,0.94,0.88
1583,https://mtc.cdn.vine.co/r/videos_h264high/22D50E9B9A1300257076605603840_4677a65a36a.3.0.2743271182964752078.mp4,19,9,0.79,0.67
1586,https://mtc.cdn.vine.co/r/videos_h264high/24B4AB36C41309364115680219136_5a76121f568.3.0.15746163441690751407.mp4,21,11,0.71,0.73
1589,https://mtc.cdn.vine.co/r/videos_h264high/26711287B51296510903159812096_SW_WEBM_1452086494215df6bc93432.mp4,17,7,0.76,0.71
1591,https://mtc.cdn.vine.co/r/videos_h264high/2744D6D9291323405961494499328_v32ec8688af.mp4,25,7,0.92,0.86
1592,https://mtc.cdn.vine.co/r/videos/2041F8F5EC1284420993410535424_4b6c54f4aac.3.0.4791306136125843098.mp4,21,9,0.76,0.89
1595,https://mtc.cdn.vine.co/r/videos_h264high/2819A5564D1331802127861014528_5777c095ccb.7.0.6024110441889017513.mp4,28,8,0.93,1.00
1619,https://mtc.cdn.vine.co/r/videos_h264high/387165009C1315686521885585408_14566582978e9c0421ac.1899.mp4,16,10,0.88,0.90
1632,https://mtc.cdn.vine.co/r/videos/223414BAC11199093162744983552_3cb00cb701b.1.5.3675438924904586941.mp4,21,9,0.71,0.78
1650,https://mtc.cdn.vine.co/r/videos_h264high/4C21B199D91305769090824445952_SW_WEBM_1454293818430d90b9abcfd.mp4,25,7,0.84,0.86
1663,https://mtc.cdn.vine.co/r/videos/228803F7A31066912573405999104_10fd4d0b391.3.2.mp4,23,5,0.91,0.80
1697,https://mtc.cdn.vine.co/r/videos_h264high/6C8910F1B61295415251831275520_SW_WEBM_1451825272761cca26325cd.mp4,25,7,0.80,0.71
1706,https://mtc.cdn.vine.co/r/videos_h264high/71A4848C9F1153499986051375104_SW_WEBM_1417990033420210410ccde.mp4,23,8,0.87,0.88
1707,https://mtc.cdn.vine.co/r/videos_h264high/71DA3B92271308598011546714112_SW_WEBM_1454968247769a74eb0b665.mp4,22,6,0.82,0.50
1710,https://mtc.cdn.vine.co/r/videos_h264high/75495486A61314636775997972480_SW_WEBM_14564080628461eba8d1314.mp4,26,6,0.65,0.50
1729,https://mtc.cdn.vine.co/r/videos_h264high/860A18E1791306047612214022144_483b0d624ff.5.0.11875495957186648916.mp4,23,7,0.91,0.71
1731,https://mtc.cdn.vine.co/r/videos_h264high/898C9487DD1324974385345552384_5aa7d512b30.9.0.14578140380475415161.mp4,19,8,0.84,0.50
1733,https://mtc.cdn.vine.co/r/videos_h264high/8A7684BA7C1284434620255014912_SW_WEBM_144920727938379dacbfb43.mp4,21,13,0.76,0.69
1746,https://mtc.cdn.vine.co/r/videos_h264high/91E6D699DC1314624881606201344_SW_WEBM_1456405204231b547276c83.mp4,23,9,0.74,0.78
1750,https://mtc.cdn.vine.co/r/videos_h264high/93AFC4DE871321241255589908480_5916ddd7ebb.7.0.18092121713535691904.mp4,20,5,0.75,0.60
1751,https://mtc.cdn.vine.co/r/videos_h264high/94B2D3C7F71193484133679132672_3ad4011f54d.2.1.16417278296012523855.mp4,27,8,0.89,1.00
1758,https://mtc.cdn.vine.co/r/videos_h264high/9A1EA29E201338405587683516416_51f10954e91.15.0.781401581715149750.mp4,25,7,1.00,1.00
1766,https://v.cdn.vine.co/r/videos/1E10DB2FB11280526404329021440_43df4708bca.3.0.7556381415844270878.mp4,25,7,0.76,0.57
1785,https://mtc.cdn.vine.co/r/videos_h264high/19E27FF2D71283493359222218752_SW_WEBM_1448982868598d667b54823.mp4,26,7,0.85,1.00
1798,https://v.cdn.vine.co/r/videos_h264high/0325BA426A1309368000163516416_457f16ef0b7.5.0.14261473592800275594.mp4,23,6,1.00,0.67
1800,https://v.cdn.vine.co/r/videos/9DAF95DD861239126522791673856_3d43b554fbf.4.4.6297556488573058970.mp4,22,8,0.82,0.75
1805,https://v.cdn.vine.co/r/videos_h264high/109F5CA9031164046898735546368_SW_WEBM_1420504582974119032c1fb.mp4,20,8,0.85,0.50
1809,https://mtc.cdn.vine.co/r/videos/7A563394141391930089813553152_5868b541e42.35.1.3C8483B1-97D0-4BE2-9E6C-46B2B43960EE.mp4,20,9,0.60,0.33
1814,https://v.cdn.vine.co/r/videos/6A1B6E67CB1291033487926849536_44d2a5ba2f3.5.0.10609269672494463697.mp4,23,8,0.83,0.50
1824,https://v.cdn.vine.co/r/videos/0BE82B37261141900829587111936_3ff2b03e1b2.0.1.16898380048653659246.mp4,21,7,0.95,0.71
1836,https://v.cdn.vine.co/r/videos/A019F402A71361026840911069184_562bc0dddce.25.1.E8BE2233-3FF8-4014-8A64-E96365C18BF6.mp4,24,7,0.79,0.43
1850,https://mtc.cdn.vine.co/r/videos/F0483AD5-A47C-4B4C-B218-810AE13C1E61-491-0000003663617023_1.0.7.mp4,25,7,0.76,1.00
1853,https://mtc.cdn.vine.co/r/videos/168BD3BFDF1340387780475412480_594d966f65c.15.0.6425017764101287995.mp4,27,7,0.70,0.71
1856,https://v.cdn.vine.co/r/videos_h264high/4F2F33CB491404201253009006592_51cd7259c51.41.0.39AA7B87-8338-4A51-A736-5B27E0C0DB0E.mp4,19,9,1.00,0.89
1870,https://v.cdn.vine.co/r/videos/DE505874851290355619206938624_4ce9994b6aa.5.0.3071540660284191399.mp4,24,6,0.83,0.67
1893,https://mtc.cdn.vine.co/r/videos_h264high/7FD5EB82CD1356083858088566784_514927cc7e6.7.0.18082350726100226006.mp4,21,11,0.67,0.73
1896,https://v.cdn.vine.co/r/videos/C40BA9B20F1164686255729139712_3907e14c495.1.5.4104810806160536098.mp4,22,11,0.91,0.91
1912,https://v.cdn.vine.co/r/videos_h264high/C7D2F96D491386405039970705408_SW_WEBM_1473518926405fafef4a789.mp4,16,7,0.75,0.57
1918,https://mtc.cdn.vine.co/r/videos_h264high/0C03936E0A1305165602301886464_48608586ecd.5.1.6524207348842393024.mp4,25,6,0.88,0.67
1938,https://v.cdn.vine.co/r/videos/8500A1E27B1115114853120565248_2495cb0bdc6.5.1.9670329197165558253.mp4,28,5,0.79,1.00
1948,https://v.cdn.vine.co/r/videos_h264high/8C8D785A511310878466002284544_SW_WEBM_1455511992881d968f0c287.mp4,30,6,0.90,0.83
1965,https://v.cdn.vine.co/r/videos/41705AF1051145301509593235456_3365ba343d9.0.1.3097409450095236104.mp4,26,6,0.73,0.50
1967,https://mtc.cdn.vine.co/r/videos_h264high/79D42D5E6E1182817744287371264_1a27e5b9f75.3.2.mp4,26,10,0.92,0.80
1974,https://v.cdn.vine.co/r/videos/4CBEC506FF1340645343834091520_53df31d0fe1.15.0.7917220015933380717.mp4,27,11,0.89,0.64
1976,https://mtc.cdn.vine.co/r/videos/B3D4A7F44F1333835153608429568_54d3b5c37ef.13.0.7345229328343783547.mp4,24,8,0.88,1.00
1981,https://mtc.cdn.vine.co/r/videos/9AB0F0A4B71020920280635396096_1c2b0ecb4cf.4.7107961529821703924_sXeFujdXn_OL5rLp36Ny4.vSeBki_0424JfvZQQcN..624C3FXwuk0BfCMFGnWvy.mp4,27,6,0.85,1.00
1999,https://v.cdn.vine.co/r/videos/5A257C2AE71304444262355820544_485a9e14ae0.5.1.601293495502123474.mp4,24,8,0.83,0.75
2000,https://mtc.cdn.vine.co/r/videos/ED73C6BF181363262143918665728_5c533400e54.25.1.70145D06-3439-45AD-82A1-D427982516DC.mp4,21,6,0.71,0.83
2011,https://v.cdn.vine.co/r/videos/A9738B1CA71156363609857736704_38a3cf70118.1.3.12230576106626776506.mp4,21,5,0.95,0.80
2019,https://mtc.cdn.vine.co/r/videos/1EE83409921297041680125571072_43ce430a5cd.5.1.8496605939571688416.mp4,27,8,0.89,0.63
2022,https://mtc.cdn.vine.co/r/videos/40470CED951270381355595350016_46b04f66dd2.1.0.15677587293529357895.mp4,24,10,1.00,0.40
2024,https://mtc.cdn.vine.co/r/videos_h264high/57954D3F0A1294163309498703872_11e417356e2.3.2.mp4,24,9,0.75,0.78
2030,https://v.cdn.vine.co/r/videos/E74985A20E1027263332824264704_178f9eff3c1.4.6.1943515092737342400_XwjLV46TM73_pAbm1hbbvfAz_Hg3lQ0IThzv2wAwAaHQLN.XcPTwepUdAdVRRqZr.mp4,18,6,0.78,0.67
2041,https://mtc.cdn.vine.co/r/videos/960EE1D4041298870530824617984_48df7aff9c1.5.1.8278125339764838588.mp4,20,8,0.95,0.88
2057,https://mtc.cdn.vine.co/r/videos/CA27DE19D01287853347549949952_488d110ab31.4.1.12701090328584579150.mp4,23,5,0.83,0.80
2058,https://v.cdn.vine.co/r/videos_h264high/263E854CB31298088975327993856_4271b845948.5.1.10561361233060552313.mp4,23,7,0.83,0.57
2072,https://mtc.cdn.vine.co/r/videos_h264high/47BA4D3DFC1359569445986902016_4e266a46247.0.2.16501313080445669108.mp4,18,7,0.83,0.57
2075,https://v.cdn.vine.co/r/videos/9A7364EED71302083774028386304_46f9923c385.5.1.9279664032557917046.mp4,21,9,0.86,0.67
2081,https://v.cdn.vine.co/r/videos/AEEF9FD8DE1068531709324439552_2352bea7e0e.0.1.10167446302440792761.mp4,25,8,0.92,0.88
2096,https://v.cdn.vine.co/r/videos_h264high/155749C33B1343000657581776896_19a8e2f98cb.4.7.mp4,25,8,0.80,0.75
2107,https://v.cdn.vine.co/r/videos_h264high/8360339EDA1255627376361660416_SW_WEBM_144233957142209c9ac2474.mp4,25,5,0.76,0.80
2117,https://mtc.cdn.vine.co/r/videos/BD7173DEED1286898139131465728_48e245fe8da.5.0.1269685270426648215.mp4,17,5,0.88,1.00
2152,https://v.cdn.vine.co/v/videos/353CB27E-139A-40B2-83C3-0F9B56CC64C8-174-0000001328A8952C_1.1.mp4,15,10,0.87,0.90
2154,https://mtc.cdn.vine.co/r/videos/64211F9A511303934779850469376_4aee6d80bba.5.1.14942539778334123639.mp4,21,9,0.86,1.00
2161,https://v.cdn.vine.co/r/videos/A1002ED167980708250612097024_13028191b2a.3.1_hZjg1C5fLomlfDNvIsz2sXnbeQ6QTWkzgHCxdxS19kqBxEqXhTCnBiBV1nMtgq_L.mp4,22,7,0.86,0.71
2175,https://mtc.cdn.vine.co/r/videos_h264high/47B7A1FD731366495299643801600_SW_WEBM_1468772080290f3c78b4113.mp4,19,6,0.84,0.33
2178,https://mtc.cdn.vine.co/r/videos/DA6DFB9E09979095698127704064_107015035f3.3.1_Qe33pZzo_cKFNv7gBYWrn1.7LrP8dVgXaec5cy07w2KiHYCTd.8t0wTSLniK_A7X.mp4,15,12,0.73,0.83
2208,https://mtc.cdn.vine.co/r/videos_h264high/2EB8343EB11227834190650318848_1afbe1a78ac.3.2.mp4,23,10,0.87,0.70
2212,https://mtc.cdn.vine.co/r/videos/7B80A1B1B61315924112643964928_516b5186a1b.5.0.7834428110028115726.mp4,19,10,0.74,0.60
2223,https://v.cdn.vine.co/r/videos/2B54DF5AD31358511529620074496_5ae3c1eaad2.13.0.13375600207193822919.mp4,24,10,0.88,0.60
2225,https://mtc.cdn.vine.co/r/videos/5230DF0C191077661874419838976_2670fefa220.0.3.9127527041971798666.mp4,21,8,0.86,0.88
2231,https://v.cdn.vine.co/r/videos_h264high/98F2E62EFD1342594563621195776_SW_WEBM_1463073692336426599c916.mp4,23,6,0.91,0.83
2255,https://mtc.cdn.vine.co/r/videos/111251435B1342036944477356032_56e41279b6e.17.0.13301144685186493656.mp4,20,10,0.80,0.90
2258,https://mtc.cdn.vine.co/r/videos/168DD79A291286479718014988288_45f5917aaf8.4.1.3061159294639018426.mp4,22,8,0.86,0.63
2293,https://mtc.cdn.vine.co/r/videos_h264high/25E54C6A671294071802091433984_453f17e05b6.5.0.16404686719683767411.mp4,18,7,0.83,1.00
2295,https://mtc.cdn.vine.co/r/videos/C0661FCE741281645307713179648_41991e679da.4.0.3537666780019819280.mp4,24,9,0.92,0.78
2299,https://v.cdn.vine.co/r/videos_h264high/0DC74487431353874906537943040_SW_WEBM_1465763134102a88c61effb.mp4,23,13,0.83,0.77
2301,https://mtc.cdn.vine.co/r/videos_h264high/01124D36041355020847941070848_5cd4c41ddd1.21.0.58598191-888D-434B-9697-290B8632551C.mp4,22,6,0.86,0.83
2323,https://v.cdn.vine.co/r/videos_h264high/E13F40F7E61295403645512429568_481a4206247.5.0.9901485666648911151.mp4,24,7,0.88,0.57
2359,https://mtc.cdn.vine.co/r/videos_h264high/0F426FB8C61284629363178491904_36a43f7e043.4.3.8409634511351645928.mp4,23,10,0.91,0.80
2361,https://v.cdn.vine.co/r/videos_h264high/FD427D68F91207502269650714624_SW_WEBM_14308651525113c001a15f8.mp4,26,6,0.96,0.67
2384,https://mtc.cdn.vine.co/r/videos/7B8B56786D1297810897720733696_4836731439c.5.0.10466313645822774392.mp4,25,10,0.80,0.60
2389,https://mtc.cdn.vine.co/r/videos/790139EE131341464424506351616_5000d661b62.15.0.3063274870106112474.mp4,27,6,0.78,0.83
2407,https://v.cdn.vine.co/r/videos_h264high/BA2B9E9EBD1281531277048483840_425329429e9.4.0.11498732081265871848.mp4,25,6,0.72,0.83
2408,https://v.cdn.vine.co/r/videos/FE074117E41297883923614941184_4b97427d139.5.1.5587949325794167463.mp4,18,8,0.94,1.00
2418,https://v.cdn.vine.co/r/videos/400BA8CAE91261117868394123264_47d5114a9fe.0.2.16645558357568506671.mp4,27,9,0.89,0.67
2424,https://v.cdn.vine.co/r/videos/E4CABC3E361223002396293754880_39d24030048.4.1.1989940321003270082.mp4,27,8,0.93,0.88
2435,https://mtc.cdn.vine.co/r/videos/C827E13E811321140574438490112_56c43e0fde7.7.0.811396717866932394.mp4,18,7,0.61,0.57
2437,https://mtc.cdn.vine.co/r/videos/676EC3FD1E1091630046977945600_2716f090dd2.0.4.2236315618618806527.mp4,29,6,0.90,0.83
2454,https://mtc.cdn.vine.co/r/videos/8A46FB60771331216241087639552_5a591454b1c.9.0.1376134973243358451.mp4,26,7,0.73,1.00
2456,https://v.cdn.vine.co/r/videos_h264high/8C6D14F4151300008870286348288_483b3f98646.5.1.2769269567361935064.mp4,20,10,0.70,0.80
2469,https://mtc.cdn.vine.co/r/videos/8270B6EACE1417833267859730432_5642ff54190.37.0.FC3F8E1B-8031-4E0E-A678-2A33642CB4EE.mp4,18,6,0.72,0.67
2476,https://mtc.cdn.vine.co/r/videos/FB0E50F1481134854545088905216_26b31e5319c.5.1.7556913155002505315.mp4,17,14,0.82,0.79
2489,https://v.cdn.vine.co/r/videos/1E23B081511116712847871766528_28f2a933b5f.5.1.14827775575390321815.mp4,24,8,0.92,0.88
2492,https://v.cdn.vine.co/r/videos/30AA5FEAB1997745586034077696_1384b913964.3.4_ciXY27HDWRR8sYFPTQhG0chdWoiaQ0cENdJYiGuzDocra68iEBCl83JZ1cGUqh32.mp4,21,8,0.95,0.88
2498,https://v.cdn.vine.co/r/videos/78CD173A951179486149040025600_394599bb11a.1.5.11701314656688085905.mp4,25,7,0.84,0.86
2500,https://mtc.cdn.vine.co/r/videos_h264high/F254B81D261180305830852395008_SW_WEBM_14243810444478d8e727d3a.mp4,21,10,0.71,0.60
2518,https://mtc.cdn.vine.co/r/videos/AE0FCB72EA1271384975794987008_1b60773dfba.3.2.mp4,29,5,0.76,0.80
2519,https://v.cdn.vine.co/r/videos_h264high/3308551B411347329441759670272_SW_WEBM_146420258171141fc651655.mp4,23,7,0.74,0.57
2521,https://mtc.cdn.vine.co/r/videos/8449C3636F1298163169134792704_49b6d00b485.2.0.683053465087829944.mp4,20,9,0.85,0.78
2523,https://v.cdn.vine.co/r/videos_h264high/A88A7E5C0C1411970666365874176_43d04313a35.0.2.12796325519591308391.mp4,26,6,0.85,0.67
2555,https://mtc.cdn.vine.co/r/videos/CF225D7F1F1247680315632795648_32b965f99bd.4.6.7896651337019349106.mp4,21,8,0.86,0.75
2559,https://mtc.cdn.vine.co/r/videos_h264high/3FB02AA06E1283436697174331392_SW_WEBM_14489693583883fbf196c2d.mp4,19,6,0.79,0.50
2560,https://mtc.cdn.vine.co/r/videos/A2009A37831240178745965682688_1438655754aa08e35a84.1148.mp4,22,5,0.86,0.80
2568,https://mtc.cdn.vine.co/r/videos/7CD061C1C81137371012770795520_2586f4f8208.5.1.16540654450707589629.mp4,21,11,0.81,0.82
2588,https://v.cdn.vine.co/r/videos/94607C720A1153464999407235072_36338e69a44.1.1.5604281111078942933.mp4,26,6,0.77,0.50
2602,https://mtc.cdn.vine.co/r/videos/7539C85F701348776044869918720_571277efe8f.19.0.C7DFD109-EE39-4B2B-9ED7-3CDF72169532.mp4,21,8,0.90,0.38
2603,https://mtc.cdn.vine.co/r/videos/95187EBD191273058810931687424_4c6a9a8bc4f.2.1.1726439974660727316.mp4,25,10,0.76,0.80
2608,https://mtc.cdn.vine.co/r/videos/E081D94EC51285977579325116416_1449575061e8bef78b76.7536.mp4,26,10,0.88,0.90
2610,https://v.cdn.vine.co/r/videos/A15B1DB7CA1080453870628610048_2caf844d33c.0.3.1364338738423225724.mp4,16,10,0.88,1.00
2619,https://mtc.cdn.vine.co/r/videos_h264high/2522FD14BD1392022072527654912_SW_WEBM_14748581922604297c99567.mp4,21,6,0.81,0.83
2626,https://mtc.cdn.vine.co/r/videos/0A488581301053459487178055680_1a499b2f486.4.7.2782299636127286761.mp4,23,6,0.96,1.00
2659,https://v.cdn.vine.co/r/videos_h264high/42D86FBD911367554060839985152_5a4119fcc3a.25.1.03179EB5-1AF7-438C-9312-A8B225562E86.mp4,24,5,0.71,0.40
2675,https://mtc.cdn.vine.co/r/videos/720F364C9D1103087374910566400_17c8c3cb5c0.3.2.mp4,23,5,0.83,0.80
2697,https://mtc.cdn.vine.co/r/videos/FDD00D85221174147610978947072_3fef05da5cc.1.5.4207172291467189458.mp4,19,7,0.68,0.57
2707,https://mtc.cdn.vine.co/r/videos_h264high/52EA6192BB1303552345359175680_49958d19009.5.1.5700691397342169169.mp4,19,10,0.84,0.90
2715,https://mtc.cdn.vine.co/r/videos/AD98E1D4621298119326305546240_1f72609c7f8.3.4.mp4,21,4,0.90,0.75
2735,https://mtc.cdn.vine.co/r/videos/401AC3EEBB1299954806416674816_4ff5f785b4b.5.1.6539850555255065599.mp4,22,9,0.95,0.67
2736,https://v.cdn.vine.co/r/videos/E327867465999447988760145920_11e983cc829.3.4_gQWquVQgGt2WvhNoHQR3LFX3zPEIk0Rtlugh6GSCpmdbHX46IRb7gpr7O07VRF0E.mp4,23,8,0.96,0.88
2737,https://v.cdn.vine.co/r/videos/4B3CBFAE4D1293283372281589760_14513169362a3cc395ba.0896.mp4,23,10,0.78,0.80
2768,https://mtc.cdn.vine.co/r/videos_h264high/037DCE07961136757290155040768_SW_WEBM_141399821491103286db694.mp4,24,6,0.88,0.83
2828,https://v.cdn.vine.co/r/videos_h264high/0BC5EAD0251284579062941396992_47d6c6b8aeb.4.1.18336823640815387233.mp4,35,7,0.80,0.57
2846,https://v.cdn.vine.co/r/videos/1DDDB3BAA41075919843577962496_1ca7c4ab9b6.3.2.mp4,22,8,0.82,0.88
2870,https://mtc.cdn.vine.co/r/videos/704F6A7AAC1209297267023609856_307e4cb2ba4.3.1.3803870262685721200.mp4,21,7,0.62,0.71
2891,https://v.cdn.vine.co/r/videos_h264high/434F55F2481417680544132681728_518748aa182.41.0.89CD4F7C-D647-45CD-84D6-14AE53FC8801.mp4,22,11,0.86,1.00
2894,https://v.cdn.vine.co/r/videos_h264high/AE63A06A811283619745857495040_42f74364e56.4.1.10991420015802184958.mp4,20,6,0.80,1.00
2902,https://mtc.cdn.vine.co/r/videos/331E2700F41052064323306201088_11eb77e3704.3.2.mp4,21,7,0.67,0.86
2903,https://mtc.cdn.vine.co/r/videos/58B5F29BB21062733575109189632_11ec3575c84.4.8.13853469340245721333.mp4,22,10,0.77,0.70
2912,https://v.cdn.vine.co/r/videos_h264high/FB2AFDC4FC1415347758906355712_597b9207e28.41.0.C4057B09-91F3-4001-B8E3-0702CAEF3D34.mp4,27,6,0.85,0.83
2927,https://v.cdn.vine.co/r/videos/D0D4BAF7E51042643218237673472_136e2f9160c.3.2.mp4,23,9,0.78,0.89
2929,https://mtc.cdn.vine.co/r/videos_h264high/97ADDCFE8F1358193952251326464_576d7ba9ba7b9506e05839a.mp4,19,9,0.63,0.89
2933,https://mtc.cdn.vine.co/r/videos_h264high/2C18A3F3F51273039964585787392_4c772bb076c.2.1.3348884333080015377.mp4,21,9,0.95,0.89
2934,https://v.cdn.vine.co/r/videos/4C516B21031106744134246789120_2ceaafd80b1.1.2.12860424461986797529.mp4,18,9,0.94,0.78
2937,https://v.cdn.vine.co/r/videos/5AA1C6B5871317349364066369536_53345775898.7.0.3547355712770930400.mp4,20,8,0.90,0.88
2945,https://v.cdn.vine.co/r/videos_h264high/493A493BAD1168031432955109376_SW_WEBM_1421454529783b8540f259c.mp4,17,8,0.82,0.75
2946,https://mtc.cdn.vine.co/r/videos/1558AE39FE1259835771155070976_494942628a1.1.0.9248040780858202499.mp4,18,8,0.67,1.00
2974,https://mtc.cdn.vine.co/r/videos_h264high/59AC42BE5A1132744688378552320_SW_WEBM_1413041588867e1e6a0f896.mp4,17,6,0.59,1.00
2994,https://mtc.cdn.vine.co/r/videos/E79893D6F91151933340576821248_3800ccd6ef6.1.1.4618642602609371348.mp4,19,14,0.79,0.93
3057,https://mtc.cdn.vine.co/r/videos/77B6B355671099853808982749184_10382b8f8e0.3.2.mp4,23,7,0.65,0.71
3068,https://v.cdn.vine.co/r/videos_h264high/AA1BBB5DF21389442691586510848_51103bfbdee.25.0.20A2555A-BAD6-46B0-BE2C-1008125887E7.mp4,27,6,0.93,0.83
3077,https://mtc.cdn.vine.co/r/videos/FE67F634731295217284364824576_3e4d88b142c.1.5.5012730113506982833.mp4,18,10,0.89,0.60
3079,https://mtc.cdn.vine.co/r/videos_h264high/009E050F001248123089083052032_17583f26fd8.3.2.mp4,21,5,0.81,0.80
3090,https://v.cdn.vine.co/r/videos_h264high/3E388D7CE31407051375354994688_SW_WEBM_14784413704118a9157ab86.mp4,22,8,0.95,1.00
3091,https://mtc.cdn.vine.co/r/videos/1D424DC7401081078335775383552_234ee840c17.0.3.4789054069145943085.mp4,23,8,0.91,0.88
3094,https://mtc.cdn.vine.co/r/videos/D3A1051C681049051566402957312_14c33074252.4.8.17702616181612959401.mp4,20,12,0.70,0.58
3119,https://mtc.cdn.vine.co/r/videos/0539E320BC1287966830694166528_493a3b57ed0.5.0.15234096355810406041.mp4,20,7,0.80,0.71
3126,https://v.cdn.vine.co/r/videos_h264high/BBD81EBC151324738225138720768_53649b211d9.9.0.13543475510544575794.mp4,19,11,0.95,0.82
3131,https://mtc.cdn.vine.co/r/videos_h264high/935D028A771343228462349357056_SW_WEBM_1463224689795bb3e4aef7a.mp4,22,10,0.86,0.60
3134,https://mtc.cdn.vine.co/r/videos_h264high/F89C1B664D1353473879154315264_SW_WEBM_14656675083339ff6e085f7.mp4,26,5,0.88,0.80
3136,https://mtc.cdn.vine.co/r/videos/6C2486CA1B1159270578344370176_3c1c7b2a010.1.4.3978975040579930224.mp4,22,8,0.91,0.88
3147,https://v.cdn.vine.co/r/videos/D7745741641092144715245236224_2123b804bf9.0.4.12125613783308198358.mp4,29,9,0.83,1.00
3149,https://mtc.cdn.vine.co/r/videos_h264high/85B9E9E8EC1354532616619061248_5f3c4e5f276.9.0.9169021293400473296.mp4,18,8,0.61,0.88
3181,https://mtc.cdn.vine.co/r/videos_h264high/2E16EE1E861315958979369000960_5763b365dad.5.0.11430717315809880663.mp4,25,11,0.72,0.82
3188,https://v.cdn.vine.co/r/videos/B8E384FBE81300260389384245248_47bcd82afd0.5.1.10615991534739630684.mp4,23,8,0.83,0.75
3214,https://mtc.cdn.vine.co/r/videos/24209A9A9C1173869695015804928_374e17b2313.1.5.4673390144215450643.mp4,18,11,0.94,0.64
3221,https://v.cdn.vine.co/r/videos/674A518B451175463520817885184_3dd6ded5abc.1.5.18045055905493950136.mp4,21,7,0.81,0.86
3235,https://mtc.cdn.vine.co/r/videos_h264high/19DC4BEA3E1382550213964824576_1472599801a058b2ce71.3775.mp4,20,7,0.95,0.43
3236,https://mtc.cdn.vine.co/r/videos_h264high/23A448271C1373421469803364352_5e8e7586235.29.1.E72C75A6-59F1-4865-8186-CBF480C70DF5.mp4,21,5,0.81,0.80
3258,https://v.cdn.vine.co/r/videos/3AEBDAA9711294016070600011776_4b6a7cd0c7f.5.0.1618491461763416906.mp4,23,6,0.96,1.00
3263,https://v.cdn.vine.co/r/videos_h264high/8B01A1A8171240895330766426112_SW_WEBM_14388267031478534a6eec6.mp4,22,13,1.00,0.85
3275,https://mtc.cdn.vine.co/r/videos/4F269542A21224063682745634816_3a1ec81db91.4.1.11452341779283975329.mp4,22,9,0.82,0.67
3284,https://v.cdn.vine.co/r/videos/37AE064E-F03A-42A2-B070-7E33D822D72E-158-00000008B0ECF1F6_1.1.mp4,22,9,0.95,0.89
3300,https://mtc.cdn.vine.co/r/videos/C0157D1C0C1129009108750655488_2e092690b5f.5.1.1055436093442124790.mp4,25,6,1.00,1.00
3307,https://mtc.cdn.vine.co/r/videos/91537BD2B31092645538773475328_1d2a9caa2fe.3.2.mp4,21,10,0.81,0.50
3310,https://v.cdn.vine.co/r/videos_h264high/FD84022AC91313826137780420608_5591705c317.5.0.5084088462713912451.mp4,25,7,0.84,0.71
3311,https://mtc.cdn.vine.co/r/videos/163B5DD0031126140520314597376_208bd6097b1.2.1.7807921215857771921.mp4,24,10,0.92,0.80
3313,https://v.cdn.vine.co/r/videos_h264high/9FC23DA2021194410216561737728_33f6af350db.2.1.14292787585697751751.mp4,25,7,0.96,0.86
3315,https://v.cdn.vine.co/r/videos/57ED442F2D1101521118000721920_28b57e7f0df.1.1.6460967637516092746.mp4,18,5,0.83,0.80
3324,https://mtc.cdn.vine.co/r/videos_h264high/1599D243621164013394232307712_SW_WEBM_142049659594567dcf69723.mp4,22,10,0.91,1.00
3337,https://mtc.cdn.vine.co/r/videos/2EA7B4EF2F1057010991134556160_1bc5b254054.4.8.2382197231590340090.mp4,21,9,0.95,0.78
3339,https://mtc.cdn.vine.co/r/videos/B92068A5D61156354482368581632_294ee8d1cb2.5.1.8631434549045724702.mp4,22,7,0.86,1.00
3370,https://v.cdn.vine.co/r/videos/E44CE5EB4A1288843865742336000_3db214774b4.1.5.4407824988842543903.mp4,19,12,0.95,0.83
3373,https://mtc.cdn.vine.co/v/videos/BF5A85AC-30D1-48C5-9F67-FAA5CF568CF6-5516-00000330F7C6A644_1.1.2.mp4,21,6,0.81,0.50
3375,https://mtc.cdn.vine.co/r/videos/1A30A5AA3D1238427231006138368_34daf0eccff.4.4.11655751691914518750.mp4,17,9,0.65,0.22
3376,https://v.cdn.vine.co/r/videos/B595E507971122884733794463744_2baf01b7496.5.1.9741994666315272279.mp4,25,6,0.88,1.00
3388,https://mtc.cdn.vine.co/r/videos/E0D6DB206D1085803112880611328_2cff25ec25c.0.3.9861387337997242873.mp4,19,3,0.95,1.00
3396,https://mtc.cdn.vine.co/r/videos/24F10AE8921148166295011979264_33633546654.0.1.12888976629011052400.mp4,20,8,0.90,0.50
3403,https://mtc.cdn.vine.co/r/videos/EBFB8AC3551123756053423603712_27c5249d602.5.1.5898354682760966376.mp4,18,9,0.72,0.78
3424,https://mtc.cdn.vine.co/r/videos/50D44452151176071716716560384_27bda810e09.5.1.11762275256144165552.mp4,24,7,0.83,0.71
3438,https://mtc.cdn.vine.co/r/videos_h264high/B8DAC15DCF1351368627860987904_SW_WEBM_146516552170826c67cc7f1.mp4,19,6,0.79,1.00
3443,https://mtc.cdn.vine.co/r/videos/B3BC8C65-A217-45E5-84EA-583136CEC497-7905-0000052382EA316A_170b42c8dcc.1.3.mp4,24,6,1.00,1.00
3450,https://mtc.cdn.vine.co/r/videos/A55CB41A711301970981530812416_48408fc0be0.5.1.80807902188242167.mp4,19,6,0.84,0.83
3455,https://v.cdn.vine.co/r/videos/2EB280D7401153024809870217216_2ebc2ebd9c4.5.1.5168364417869550396.mp4,21,6,0.90,0.67
3459,https://v.cdn.vine.co/r/videos_h264high/FD732E73B61387343354006011904_SW_WEBM_1473742636576e10b76f281.mp4,23,7,0.78,0.57
3477,https://mtc.cdn.vine.co/r/videos/3557F6B57D1124875176556003328_2c2a751a36c.2.1.5284825102969640911.mp4,22,10,0.77,0.80
3495,https://mtc.cdn.vine.co/r/videos/1B5240DB451305762597081112576_486ec02eeeb.5.1.13915247459812943890.mp4,20,11,0.80,0.64
3496,https://mtc.cdn.vine.co/r/videos_h264high/3198D658B81285994878223966208_17e4ad3f442.3.2.mp4,26,8,0.81,0.88
3500,https://mtc.cdn.vine.co/r/videos_h264high/0F80D9A0BB1238937032710402048_SW_WEBM_1438359809958aa17353519.mp4,22,5,0.91,0.40
3502,https://v.cdn.vine.co/r/videos_h264high/359F0539341281725795303321600_4d40fb09277.4.0.14043747674457398571.mp4,22,8,0.82,1.00
3504,https://v.cdn.vine.co/r/videos/80F3607AEC1083908071694180352_112e6429727.3.2.mp4,21,7,0.81,1.00
3507,https://mtc.cdn.vine.co/r/videos/DAD0D8C1871226214440862138368_3a5dd274dc1.4.1.14336939802083965143.mp4,22,8,0.86,0.75
3509,https://mtc.cdn.vine.co/r/videos/FB48E85DD11060325898412310528_1395774826881455a213c6b.mp4.mp4,22,8,0.95,1.00
3514,https://mtc.cdn.vine.co/r/videos/30CA25057E1188645140407922688_3374a2ba6fe.1.5.9745057197121315645.mp4,23,6,0.91,1.00
3520,https://v.cdn.vine.co/r/videos/14C8F6E4301156537437800251392_349ee9adf54.1.3.17874998616549977340.mp4,21,6,0.86,0.67
3539,https://mtc.cdn.vine.co/r/videos_h264high/5DC78D9BE31259439196368674816_SW_WEBM_1443247890615bfb464cae8.mp4,19,8,0.84,0.75
3540,https://mtc.cdn.vine.co/r/videos/311ED4AB6A1285066948652494848_43cfbce6c60.4.1.7709203175718583881.mp4,23,10,0.87,0.90
3549,https://mtc.cdn.vine.co/r/videos/69A380DFB41343352682399911936_57377dab036f1e79c982743.mp4,22,6,0.73,0.50
3560,https://mtc.cdn.vine.co/r/videos/CC22CF72271131339849404723200_2df1842eb55.5.1.6002478311815369941.mp4,25,6,0.84,0.83
3579,https://v.cdn.vine.co/r/videos_h264high/0FC7A1963A1194723815876354048_3863e266562.2.1.12321949227088186452.mp4,25,7,0.92,0.86
3592,https://mtc.cdn.vine.co/r/videos_h264high/0C23D0F01D1316279154605486080_591fa064aaf.5.0.5260950320303701226.mp4,18,11,0.89,0.82
3595,https://mtc.cdn.vine.co/r/videos_h264high/34A597496A1407399071030927360_535eca84430.41.0.776BA690-358A-447A-95E8-B6D22E10E7FF.mp4,25,9,0.72,0.78
3599,https://mtc.cdn.vine.co/r/videos/E0D51754721023892517273612288_1491fd0a50a.4.4.10625242997622832964__p2FwF70tiG4AvdvpaxVoAcpladJN0cHYO6FLt98ygnh0EtTPWJB2sEB0Mj6.mNc.mp4,22,9,0.77,1.00
3603,https://v.cdn.vine.co/r/videos/2AF6A1D4D71113345882784501760_14c85a3a222.3.2.mp4,21,6,0.95,0.83
3624,https://v.cdn.vine.co/r/videos/FC1E43366E1247757952492904448_33e20bc315a.4.6.10239025585617221160.mp4,26,7,0.85,0.86
3627,https://v.cdn.vine.co/r/videos/169EFDEB6B1236761123924434944_39e02bfed59.4.3.2241861970615065600.mp4,23,12,0.87,0.92
3630,https://mtc.cdn.vine.co/r/videos/137EC56D171311535459935121408_574c724b10b.3.0.13481280054129757427.mp4,18,7,0.61,0.57
3647,https://v.cdn.vine.co/r/videos_h264high/1820FAB2BE1332138675848798208_SW_WEBM_14605807726973fdad39f3f.mp4,17,9,0.94,0.89
3653,https://mtc.cdn.vine.co/r/videos_h264high/39259663B51354219591622103040_SW_WEBM_1465845310339d4f86cb8d2.mp4,25,8,0.80,0.63
3655,https://mtc.cdn.vine.co/r/videos/DFAF4149C01101310261807448064_26e09b42153.1.0.1118888682318636544.mp4,26,9,0.92,0.78
3662,https://mtc.cdn.vine.co/r/videos/F82C32EE3B1087633613429817344_25d43a68359.0.3.16366303065434204439.mp4,25,8,0.72,0.88
3676,https://mtc.cdn.vine.co/r/videos/4BF9ADF3FE1161398368355127296_331531a3de3.1.4.10154076265229645803.mp4,30,7,0.83,0.86
3677,https://mtc.cdn.vine.co/r/videos_h264high/0D862502F81382901790412275712_53d5231205b.33.0.5AB15464-0EE5-4E30-B2F9-8F4D30413AC8.mp4,21,6,0.76,1.00
3689,https://mtc.cdn.vine.co/r/videos/BD32A3F0031058567409633726464_127f667c9d2.3.2.mp4,23,6,0.61,0.67
3699,https://v.cdn.vine.co/r/videos/AFB02B16801307036744948301824_48ba2d65bd7.5.1.9394125406358870676.mp4,21,12,0.86,0.83
3714,https://v.cdn.vine.co/r/videos/2671238F361122581998905819136_159492c9462.3.2.mp4,19,6,0.84,1.00
3719,https://mtc.cdn.vine.co/r/videos_h264high/85A07BA4531357286328873750528_56d6b7a6c2f.25.0.5AB48D25-67B2-43D6-A1F6-8F24CA7659D2.mp4,23,7,0.83,0.57
3728,https://mtc.cdn.vine.co/r/videos/B614C6E35D1284532919150534656_4b1cdde230e.4.1.10841570863617145682.mp4,21,11,0.90,1.00
3740,https://mtc.cdn.vine.co/r/videos_h264high/05DAF429B51328242726931697664_SW_WEBM_1459651947837a984c0d36d.mp4,20,11,0.90,0.82
3742,https://v.cdn.vine.co/r/videos/042BF9DF121088111657940668416_229a1a1e652.0.3.3562571419505417705.mp4,24,9,0.88,1.00
3749,https://mtc.cdn.vine.co/r/videos/9CDEA40A671263688917698469888_4d2f77193e5.1.1.11910790852765785831.mp4,29,7,0.97,1.00
3752,https://mtc.cdn.vine.co/r/videos_h264high/05325FB6CB1278897697960701952_4f83a6f913f.3.0.11494288796845403251.mp4,20,9,0.75,0.78
3756,https://mtc.cdn.vine.co/r/videos/B5C14DD3B01224433427919814656_1434901669707b7ab5c5.2496.mp4,23,6,0.83,0.67
3758,https://mtc.cdn.vine.co/r/videos/0AE5ACD8201008266549070581760_159b1553e78.4.13832966607327028658_X.VkS2I.zhZgImUrXtXPv6XIW04MocVJaeJBkgn.Lo0kjqEonrfD9.AR.aNa6n1J.mp4,24,6,0.79,0.67
3761,https://v.cdn.vine.co/r/videos/620C69842E1305675842772717568_45f1a93647c.3.0.2075316193757992591.mp4,26,7,0.85,0.86
3780,https://v.cdn.vine.co/r/videos/53A63825991050583407299788800_1ada9ec60ce.4.7.17659797096644754441.mp4,16,7,0.69,1.00
3789,https://mtc.cdn.vine.co/r/videos_h264high/924B3246121389324960258195456_5da5a00fd4a.35.1.541C98A0-9092-458F-A4A0-784A22BFFA75.mp4,25,5,0.92,0.80
3804,https://mtc.cdn.vine.co/r/videos_h264high/ADC876BF361381963140828487680_SW_WEBM_1472459895574d70a853301.mp4,18,6,0.72,1.00
3807,https://mtc.cdn.vine.co/r/videos/DDE7F8B4BA1330762962935373824_51609253d33.9.0.11372736482203496161.mp4,23,8,0.96,0.75
3811,https://v.cdn.vine.co/r/videos/5820B1CB1D991855216578498560_19fee5ace28.3.1_lnfua1TVaKMJrg2TyC_MNozrcuEAjH_0P2e.pfFqBXq5PSymxTe55EqjA_LTVUaZ.mp4,26,5,0.92,0.60
3860,https://mtc.cdn.vine.co/r/videos/F4F51C1EBF1140516315992571904_2c005f18359.5.1.11838745857286979709.mp4,23,9,0.65,0.67
3862,https://mtc.cdn.vine.co/r/videos/BDA008E50F1213456315297722368_36de70dff0c.3.2.11845556427789627795.mp4,20,8,0.80,0.75
3863,https://mtc.cdn.vine.co/r/videos_h264high/C08F6AECAB1315903324956319744_5c63204eee9.5.0.1670093983789202268.mp4,18,8,0.78,0.75
3868,https://mtc.cdn.vine.co/r/videos/263E1CF80C990302308770406400_1e8096edd66.3.2_OmeAngTPD5s4WDkzxl8HCf.ISgWjQskGlaLc2XXzoh7SrD2wu6a_ixtMjDRUWiP..mp4,19,11,0.58,0.82
3877,https://mtc.cdn.vine.co/r/videos_h264high/6BA40A10A41384349032108924928_56f2a08a74b.33.0.31F02839-4FEB-4FAB-832D-C11204F8EB2B.mp4,22,7,0.82,0.43
3907,https://mtc.cdn.vine.co/r/videos/2492CD8B231130755208041918464_23fe4d00e9c.5.1.2011314566529947631.mp4,21,10,0.86,0.70
3908,https://v.cdn.vine.co/v/videos/7F533E25-C31E-437C-9F10-0D68B5E7E521-3029-0000023464A41307_1.1.2.mp4,25,5,0.76,0.80
3922,https://mtc.cdn.vine.co/r/videos_h264high/F55600A15C1309661901944393728_5af7d6ebd05.3.0.7704916237075430479.mp4,23,6,0.83,0.50
3924,https://v.cdn.vine.co/r/videos_h264high/DE2167BF1D1338740239090515968_5c919a4b1de.13.0.794509297006812485.mp4,23,8,0.70,0.75
3928,https://mtc.cdn.vine.co/r/videos_h264high/C289DB29341315950154528051200_5a662d87bb8.5.0.9788060905880811681.mp4,23,6,0.83,0.83
3929,https://mtc.cdn.vine.co/r/videos/D6776ACE4A1175896111592955904_3841d5d501d.1.5.13814089673433429862.mp4,24,8,0.83,0.75
3936,https://mtc.cdn.vine.co/r/videos_h264high/AAA75233C51362116497019142144_54fb9b90cad.25.1.96A70519-9A5A-45D6-8E8A-3F47D454F5D8.mp4,21,7,0.76,0.86
3942,https://v.cdn.vine.co/r/videos/A3B49843D8995112052609658880_14eea1913e0.3.2_hxrIdKColdXvtg_eORbrzN0X2F0OXRnYAH3kThz7fGZ5.KUE_YEM2Iu7oJ8yEZt6.mp4,23,12,0.83,0.75
3943,https://mtc.cdn.vine.co/r/videos_h264high/EBC29799D71318028286433366016_SW_WEBM_145721664044635f7b9215e.mp4,18,7,0.94,0.71
3944,https://mtc.cdn.vine.co/r/videos/BC1E6A35101059858737244114944_1d7c1be9bf2.4.8.4879409783284050255.mp4,22,8,0.86,0.75
3947,https://mtc.cdn.vine.co/r/videos/81576DA2111295502733851656192_406d1247067.5.0.2695571713905875617.mp4,18,8,0.89,0.75
3950,https://v.cdn.vine.co/r/videos/0C2F6323C51326054286396104704_5e459edc28a.9.0.9217409869331837349.mp4,20,13,0.85,0.85
3972,https://mtc.cdn.vine.co/r/videos/C0372485401315285242047008768_56d161d9dcc76fd98b0708b.mp4,34,6,0.91,0.83
3974,https://v.cdn.vine.co/r/videos/5EE84765CD1276939205461032960_43504d5fa15.3.0.5543514778809742356.mp4,21,6,0.81,0.67
3976,https://v.cdn.vine.co/r/videos/13B4D122231285151797031460864_403c91e4e92.4.1.3760754497553158845.mp4,26,9,0.92,0.78
3982,https://mtc.cdn.vine.co/r/videos/67EB8446721094854307901296640_2b5b512f93f.0.4.7010334542701681967.mp4,24,7,1.00,0.86
3987,https://v.cdn.vine.co/r/videos_h264high/AABDD6F9AE1313682736376348672_5e95beef5f3.5.0.7233638812488399710.mp4,24,11,0.92,0.82
4011,https://mtc.cdn.vine.co/r/videos/872B9E4DF71094763177826451456_24a2b7a8c6a.0.4.4428516351618869514.mp4,16,7,0.81,0.71
4018,https://mtc.cdn.vine.co/r/videos_h264high/EA1E0B66621298173632027426816_44e25fd3402.5.1.2089662221357041829.mp4,23,5,0.78,1.00
4035,https://mtc.cdn.vine.co/r/videos/E5BD6ACEBA1298268091993747456_43a2d252025.5.0.4523699677126936269.mp4,23,8,0.87,1.00
4044,https://mtc.cdn.vine.co/r/videos/A0DAC2D7891216547273224937472_37bfcdc0465.3.0.13478519033586889907.mp4,25,6,0.76,0.83
4055,https://v.cdn.vine.co/r/videos/BB3110AA80984285025619382272_15266d591bb.3.1_ZyrOCq.Ntd._c5Yc4QhLk25dC0Yr3GllT8Q3gr3Rbiq6N3BkQrrsgMejOsvmbFQZ.mp4,24,7,0.96,1.00
4063,https://mtc.cdn.vine.co/r/videos/3ECA16A7491324474333086834688_55780357320.9.0.6922946486206678361.mp4,21,7,0.62,0.86
4073,https://mtc.cdn.vine.co/r/videos_h264high/C01B6E91AC1401294896517832704_5a761395e34.25.2.FB50E5C8-C02D-442D-9F50-538D4FA0E6B5.mp4,21,6,0.81,0.50
4082,https://v.cdn.vine.co/r/videos/2ECA638BD81126620069745881088_229214c9ffd.5.1.2165044504796014089.mp4,22,8,0.73,0.63
4086,https://v.cdn.vine.co/r/videos/8E487973CA1217720359001137152_3f795481649.3.1.17711854709839775969.mp4,25,12,0.80,0.75
4101,https://v.cdn.vine.co/r/videos/436065161E1160680983679381504_32f6612f187.1.4.15014768652702205590.mp4,26,6,0.92,1.00
4123,https://mtc.cdn.vine.co/r/videos/F644C433291173108602735845376_220edb2f72d.5.1.7030984436878751664.mp4,15,10,0.87,0.70
4126,https://mtc.cdn.vine.co/r/videos/110EFBAC331282339379310161920_4e0fe843ac8.4.0.17095635548522923640.mp4,18,9,0.89,0.89
4128,https://mtc.cdn.vine.co/r/videos/E357640CF61407617562149339136_58b666cff62.41.0.37C5038B-98BE-4F84-8ED3-01FD1C0166ED.mp4,22,6,0.68,0.83
4131,https://mtc.cdn.vine.co/r/videos_h264high/29D5DABDBB1375735306007248896_5b0c045f273.29.1.98E78FB6-0435-46E3-9290-2E603F474DD4.mp4,18,11,1.00,0.55
4139,https://v.cdn.vine.co/r/videos_h264high/E9591DE0381357015678728704000_533c26c2254.21.0.DD79EE7D-EEE4-47D5-991E-AB0E5A45957A.mp4,23,8,0.91,0.75
4153,https://v.cdn.vine.co/r/videos/4B350E27A11065046717000486912_29dfc1bbce9.0.0.16211424665776601801.mp4,22,8,0.77,0.38
4163,https://v.cdn.vine.co/r/videos_h264high/D066B55CC71137097610944282624_SW_WEBM_14140793299744d17b82fee.mp4,22,7,0.91,1.00
4165,https://mtc.cdn.vine.co/r/videos/371E44F5FA1156170190653173760_3785c866748.1.3.17020717300239367766.mp4,22,10,0.86,1.00
4170,https://mtc.cdn.vine.co/r/videos/9D164A0AB5974192476498055168_1a4f4554fc2.3.1_idd9PM5MC.NXgclBACNunSkWMFpmzgjMlL2aLSDtKGIGHu2MNaT0fi9umSpgnbPD.mp4,25,8,0.96,1.00
4177,https://mtc.cdn.vine.co/r/videos_h264high/A3306C9B521199391953004154880_3b6d50430dc.2.1.16632773061097984881.mp4,25,8,0.92,0.88
4192,https://mtc.cdn.vine.co/r/videos_h264high/BE856BCCC41182247924244111360_SW_WEBM_14248440781368999baa95c.mp4,25,11,0.88,0.73
4199,https://v.cdn.vine.co/r/videos/420585E5081121591827829592064_10bc9a842d0.3.2.mp4,23,6,0.87,1.00
4208,https://v.cdn.vine.co/r/videos_h264high/6DDFE99A1A1371988267079229440_5e0fbff276e.25.2.E944C0EE-0795-4F67-BEF1-9A35C7E3FAE8.mp4,15,8,0.93,0.75
4220,https://v.cdn.vine.co/r/videos/AB3E54C8B51352065230448087040_528690cda1b.19.0.F816237A-A926-4BE7-9CB6-2C95DA191F5F.mp4,18,7,0.89,0.71
4228,https://mtc.cdn.vine.co/r/videos_h264high/5377EDB2E11319526521953832960_521a9400144.7.0.921104910288186476.mp4,17,8,0.88,0.88
4251,https://mtc.cdn.vine.co/r/videos_h264high/45B313F3981169388904756240384_SW_WEBM_1421778253469b7484d3712.mp4,25,11,0.84,0.55
4259,https://v.cdn.vine.co/r/videos/948E94FED61178177628012949504_36c45f678aa.1.5.11825514534831999956.mp4,19,8,0.89,0.88
4260,https://v.cdn.vine.co/r/videos/595EE755A81141397306126884864_2033a3ff1bc.5.1.7319159892464841768.mp4,20,6,0.95,0.83
4261,https://v.cdn.vine.co/r/videos/0CF77E13601184375722702499840_38f105597a0.1.5.17619390194120831796.mp4,26,9,0.88,1.00
4298,https://v.cdn.vine.co/r/videos_h264high/6F783A582C1321283500594606080_599675e4f6f.7.0.12051320281971886464.mp4,26,7,0.85,1.00
4305,https://mtc.cdn.vine.co/r/videos_h264high/B64BB4F3FF1348870376393961472_5e526979acd.9.0.6937939894878993968.mp4,25,5,0.76,1.00
4306,https://mtc.cdn.vine.co/r/videos/54272BD13A1145948735877402624_2944c23ed2c.5.1.15084891501054521823.mp4,25,7,0.76,0.86
4315,https://mtc.cdn.vine.co/r/videos/B637CBC9F91320276332999073792_58215c558c1.7.0.9920081453772027600.mp4,19,9,0.95,0.89
4316,https://v.cdn.vine.co/r/videos/D26BDBD5F51329091770499665920_5ab671c02ea.9.0.16149702537906542927.mp4,23,5,0.78,0.60
4319,https://mtc.cdn.vine.co/r/videos/D4C500FCD61289337271585538048_42ab70d9394.4.1.13537955959324441549.mp4,21,11,0.86,0.91
4323,https://mtc.cdn.vine.co/r/videos/9F2ED580FE981444042929979392_1767e5ffc2e.3.1_dbwVcWXJRvJJvAwTxaGCd6hhwv88jTvW9tfC0B2Cn9N533XRTiNPfc1oYkuyAyd7.mp4,24,7,0.88,0.86
4326,https://v.cdn.vine.co/r/videos/1C88E7316B1206770278593085440_3b0cf20ba58.2.1.10834331654135447860.mp4,24,8,0.67,0.75
4331,https://mtc.cdn.vine.co/r/videos/E2F71B9D601152437370378166272_3903378ab54.1.1.6105078277088521259.mp4,22,10,0.82,0.50
4344,https://v.cdn.vine.co/r/videos/FF27C49E931013547872303591424_100a8767cca.4.3.12625773517443665998_AHWwTS16UdjrcdiosNt4ZAXsVUWcX49fvDe3bqtiMl_OTDCasfu2rP944hiqN79..mp4,28,4,0.75,1.00
4358,https://v.cdn.vine.co/r/videos/6D62533FE31305657376883507200_480084b9b56.5.1.18430754701016602411.mp4,27,5,0.74,0.80
4361,https://mtc.cdn.vine.co/r/videos_h264high/BC993FE0351320842441309548544_SW_WEBM_14578875818591fd56cc8fc.mp4,26,9,0.73,0.44
4367,https://v.cdn.vine.co/r/videos/839BF99F-8B6D-49C0-9680-20C1EE113304-3241-0000065F338446BE_1.1.mp4,22,8,0.91,0.88
4380,https://mtc.cdn.vine.co/r/videos/9E9CB2C4EA982932847537319936_19ff5048520.3.1_WVt7HtICqviIhat_Rk_nmVeU46.MfalO3bNpp4gA9lCItaOHOHej1tY9MmLDBxzi.mp4,21,7,0.95,0.71
4393,https://mtc.cdn.vine.co/r/videos/A2F6F34E741226304709154496512_3b071376c63.4.1.9610797313296395592.mp4,27,8,0.81,0.88
4396,https://mtc.cdn.vine.co/r/videos/906A63761D1119752997787025408_2e2e004e31c.5.1.662229538764532461.mp4,23,6,0.57,0.83
4452,https://v.cdn.vine.co/r/videos_h264high/D0B790E27A1150738735671992320_1492e6abe04.3.2.mp4,23,7,0.87,0.71
4454,https://v.cdn.vine.co/r/videos/1F1A0A326E1376445925224017920_50578612e43.29.1.5A2DEFE7-AC46-4023-A779-08B69BEAB52F.mp4,20,9,0.80,0.89
4461,https://v.cdn.vine.co/r/videos/6FB024418E976184941526528000_11e336559c7.3.1_mrzBok6rh8xa5qq6r6zQwVdW5AJH20ZSooCBIpdvC8nekzdPnVRFY4z_Ls5asoO3.mp4,22,6,0.95,0.83
4478,https://mtc.cdn.vine.co/r/videos/1C062989DD1120564960192540672_2352c49dce2.5.1.12150531617560076666.mp4,23,6,0.83,0.83
4493,https://v.cdn.vine.co/r/videos_h264high/953347F5CD1309644235640811520_5bc4df00ee4.3.0.7770403188549383177.mp4,20,8,0.90,0.75
4499,https://mtc.cdn.vine.co/r/videos_h264high/44F1D434AF1325137655570534400_SW_WEBM_14589116412498513082a40.mp4,19,7,0.89,0.71
4500,https://v.cdn.vine.co/r/videos_h264high/3897A55F1B1245112677697802240_181b89664a4.3.2.mp4,24,7,0.83,1.00
4502,https://mtc.cdn.vine.co/r/videos_h264high/7B2A9DCFC81430825764508569600_SW_WEBM_148410965728982a5bea48d.mp4,27,5,0.93,0.60
4505,https://mtc.cdn.vine.co/r/videos/E02A170C391085793834014785536_1db91efc877.3.2.mp4,26,5,0.92,0.80
4510,https://mtc.cdn.vine.co/r/videos_h264high/6303368DD91337897357358325760_5be4780565c.15.0.13148386647750136299.mp4,29,7,0.93,0.57
4534,https://v.cdn.vine.co/r/videos/281EEA84261042387475500281856_1d48b155e72.4.7.9642092865986105504_eJeGcj2JwTPJtbM7drY.h2tZ7_TFSjYG7hdlE5t78t7ZNTeqJbj3ldxia_u3TX0I.mp4,21,7,0.62,0.86
4550,https://mtc.cdn.vine.co/r/videos/73062184BE1382218139747684352_59839d0c68d.33.0.306CAF52-DF9B-46E7-AD07-0424EA50CD94.mp4,30,7,0.90,0.57
4551,https://v.cdn.vine.co/r/videos/14EE29719F974533238691385344_14c87d7c177.3_JZHFzHfZ5wh8qYjNA0FA_ab1qwJGwZHPBLuYBtJqh3nfu07AxHaSMzVe4nSAIIox.mp4,22,6,0.95,0.67
4567,https://v.cdn.vine.co/r/videos/3E94A9761D1287904808824684544_1450034609c5a945b4c3.1357.mp4,15,11,0.80,0.82
4569,https://mtc.cdn.vine.co/r/videos/7FEFA653C61178515057005514752_3f31a569f50.1.5.1531797521976302275.mp4,17,6,0.82,1.00
4572,https://v.cdn.vine.co/v/videos/E1B53EB4-DB44-4AB8-B338-613F01AAF25A-248-000000606E77FE04_16073930828.1.2.mp4,20,8,0.90,0.88
4581,https://mtc.cdn.vine.co/r/videos/1DE8EFD4F61360207565661024256_5151166878a.25.1.F98DF6BE-2D0E-4DF7-A588-454C6C87475E.mp4,27,9,0.81,0.78
4588,https://mtc.cdn.vine.co/r/videos/5019FB80AD1251525862550089728_47405f5ce17.0.1.18121777761761595230.mp4,23,8,0.91,0.88
4592,https://v.cdn.vine.co/r/videos/A6E4E58F05999149157581557760_18c6164e0da.3.1_xr0fJkjRtKCGlhBMlkqfM2FfGZiN9dRrcZHKLHkNgu1up92rGIYG8gaQL5SrkjeC.mp4,21,9,0.86,0.67
4606,https://v.cdn.vine.co/r/videos/096F1FF5641389746487499841536_5e27bb7e66a.35.1.AD98CE91-735B-4027-B873-F50F96AA4C2D.mp4,21,7,0.90,0.71
4629,https://mtc.cdn.vine.co/r/videos/2416B733561166596018054242304_3288e549cb4.1.5.16869440251087197201.mp4,25,11,0.76,0.82
4639,https://mtc.cdn.vine.co/r/videos_h264high/ACA686BCE41332798371391500288_5aa0de423ce.13.0.14696694510880814843.mp4,25,7,0.72,0.71
4644,https://mtc.cdn.vine.co/r/videos_h264high/1509E96C871365093000967229440_5e6ab3dc5ac.25.1.0F94F4A6-DDDD-499D-A9E4-C0405A0C40A3.mp4,29,7,0.83,0.86
4653,https://mtc.cdn.vine.co/r/videos/31AA4D34FC1244734295080656896_36a1ef10685.4.1.15574345572491995559.mp4,25,6,0.88,0.83
4664,https://mtc.cdn.vine.co/r/videos/37E09D36FD1055626338205048832_125aaf8e8a5.3.mp4,23,8,0.61,0.50
4673,https://v.cdn.vine.co/r/videos/BB4AF64F6F1188864630848716800_31c3b91ec12.1.5.3434416128035216438.mp4,19,9,0.68,0.56
4685,https://mtc.cdn.vine.co/r/videos/88B15D247D1326913843251044352_5db04260719.9.0.8147616793768977831.mp4,20,6,0.75,0.50
4719,https://mtc.cdn.vine.co/r/videos_h264high/893BDA03C61320815948047237120_52105260e17.7.0.6039480815905850254.mp4,23,8,0.87,1.00
4733,https://v.cdn.vine.co/r/videos/276412956E1241494161472008192_3e2d883c4f0.4.5.13342324676506190933.mp4,23,8,0.78,0.75
4788,https://mtc.cdn.vine.co/r/videos_h264high/22082035D91195181964848992256_3c91d477960.2.1.1032400568775871714.mp4,24,10,0.79,0.80
4789,https://mtc.cdn.vine.co/v/videos/D343BDB6-F9D4-4CA2-B9D2-F1F4CC84BCD2-185-00000012ECCE82EC_1.1.2.mp4,22,6,0.91,0.83
4814,https://mtc.cdn.vine.co/r/videos/17EA18F8AE1178306817684848640_33ab5e754c4.1.5.1142937208958931766.mp4,25,9,0.72,0.89
4826,https://mtc.cdn.vine.co/r/videos/C9BA8CE73E1225596679630798848_3ce1a4d3dc7.4.1.5100625333814177295.mp4,22,10,0.86,0.90
4833,https://mtc.cdn.vine.co/r/videos/997CDEBD411059256328935391232_1fb11ae5017.4.8.1311122889844706252.mp4,20,10,0.85,0.90
4836,https://mtc.cdn.vine.co/r/videos_h264high/749367F6991237706494267547648_SW_WEBM_1438066425933f251821e79.mp4,24,16,0.88,0.50
4853,https://mtc.cdn.vine.co/r/videos_h264high/2E117A11201354470069824057344_586b465f5c7.19.0.34920956-D825-4065-97C8-B5AE36D920A8.mp4,19,8,0.84,0.75
4864,https://mtc.cdn.vine.co/r/videos/F4C06188C11308996355628642304_42aafa5deec.3.0.1607340756556704199.mp4,21,5,0.71,0.60
4866,https://mtc.cdn.vine.co/r/videos/82B32D55D31325450951724875776_55bef982759.9.0.6600464637283731325.mp4,20,5,0.80,0.80
4875,https://v.cdn.vine.co/r/videos/D8F3CB1D971306502338600968192_443648d9a32.5.1.4830302821930161896.mp4,27,7,0.81,0.86
4898,https://v.cdn.vine.co/r/videos/5623C27ED31107812833674301440_121e233ff9b.3.2.mp4,23,8,0.83,0.88
4902,https://mtc.cdn.vine.co/r/videos/D87AD9AD111046562497375129600_1b3843a9d47.4.7.2767118992887733198.mp4,19,10,0.68,0.90
4907,https://mtc.cdn.vine.co/r/videos_h264high/8E242BC0031370247541765152768_50aad01f1b8.25.2.738512EF-6A5F-43D5-AA18-A20C0E6BAFE6.mp4,23,5,0.87,0.60
4909,https://mtc.cdn.vine.co/r/videos_h264high/DF9690A41E1306079926449221632_49aaa23a357.5.1.15398877520850459977.mp4,21,7,0.90,0.71
4913,https://v.cdn.vine.co/r/videos_h264high/86F9B7BDA61289473029235228672_SW_WEBM_1450408533554559ca6d1c7.mp4,22,6,1.00,0.50
4918,https://mtc.cdn.vine.co/r/videos/80E01947581060613146987175936_12a79cac8e5.4.8.8680555213342333283.mp4,18,9,0.94,0.78
4923,https://v.cdn.vine.co/r/videos/39CDB59A751198662212793917440_3cc7ad2950d.1.5.8113270931229923664.mp4,20,7,0.80,0.71
4926,https://v.cdn.vine.co/r/videos/B468D02FAC1117230590412972032_2c1d24c8b1a.5.1.16807513971930598852.mp4,17,7,0.88,1.00
4932,https://v.cdn.vine.co/r/videos_h264high/28222D7A1A1330799394316029952_SW_WEBM_1460261509061d6744cc6a4.mp4,26,9,0.92,0.78
4936,https://v.cdn.vine.co/r/videos/C2B701CDDB1046920068614782976_1cf5aa13c67.4.8.12277163439266753630.mp4,16,7,0.69,1.00
4942,https://mtc.cdn.vine.co/r/videos/D4D482AFA61104852887290449920_2187f25b008.1.2.18196104095077852113.mp4,19,7,1.00,0.43
4949,https://v.cdn.vine.co/r/videos/3B0CF86E881074544317487562752_293ae1f92f1.0.3.14114802926522214949.mp4,21,8,0.95,1.00
4961,https://mtc.cdn.vine.co/r/videos/C25477577B1034182232790700032_1c65d58b7fe.4.7.17614141452373651818_ceG3.yXOnfYf84MdaHGQqMwa6lFYUuh7Bnt1J157qzPpUinyEq1bknhnUy3Kfc0e.mp4,23,13,0.87,0.62
4965,https://mtc.cdn.vine.co/r/videos/3C55BE4FD01383722287781580800_566c61fc175.33.0.47AE3F28-27DA-4389-ABB8-27326A0A0863.mp4,24,8,0.79,0.88
4981,https://mtc.cdn.vine.co/r/videos/5E7F0F4BF41294306723615633408_425222507d0.5.0.1954246606313767893.mp4,27,9,0.81,0.78
4989,https://v.cdn.vine.co/r/videos/8F183C650A1284505160110247936_4458ba6c57d.4.1.7726352002585490024.mp4,20,6,0.90,0.50
4990,https://v.cdn.vine.co/r/videos/70E62382D71094329962343047168_170021518ae.3.3.mp4,26,10,0.92,0.90
5004,https://mtc.cdn.vine.co/r/videos/68D16808A81306656380266123264_449a79259dc.3.0.7731248057424522231.mp4,23,10,0.74,0.80
5010,https://mtc.cdn.vine.co/r/videos_h264high/D658F37A961388144983475154944_SW_WEBM_1473933762860b3270db8a6.mp4,29,5,0.86,1.00
5022,https://mtc.cdn.vine.co/r/videos/0A88841BD21311969753253961728_5bca45733c5.3.0.5798090456647059446.mp4,22,8,0.77,0.63
5045,https://v.cdn.vine.co/r/videos/716F74A5B71017000183642628096_17a0696bf2e.4.4.6236198707151381197_M1T4zh3olqN5bDRLD3Gckp.VXFCXTAG59woJI0qcwrspCtAlI_3DknHcP8nDoGmS.mp4,22,7,0.91,0.86
5057,https://mtc.cdn.vine.co/r/videos/365C2E684B1164830535219306496_350191ed5c3.1.5.11279367996324688307.mp4,22,4,0.91,0.75
5065,https://mtc.cdn.vine.co/r/videos/2010B800F91230788757062938624_1b407a12dc5.3.2.mp4,22,9,0.64,0.78
5067,https://v.cdn.vine.co/r/videos/22A8A4E2A91183568347221078016_368703fa9c3.1.5.11078430462459992817.mp4,22,7,0.86,0.71
5081,https://mtc.cdn.vine.co/r/videos_h264high/5ECD5539E71347232511683698688_557bebd1f1a.19.0.E43C6F31-88F5-46EF-803E-4F4D2260C8CF.mp4,20,11,0.80,0.91
5103,https://v.cdn.vine.co/r/videos/9B1787A82B1253484516258054144_41c5fa69e1d.0.1.12436061552260970874.mp4,25,6,0.88,0.83
5122,https://mtc.cdn.vine.co/r/videos/535141F8711337100770117820416_5f4295b15cc.13.0.2421708201210072652.mp4,21,6,0.90,1.00
5146,https://v.cdn.vine.co/r/videos/CC1951A8691146774504664637440_3c705367643.0.1.6562949200004609432.mp4,24,5,0.71,1.00
5154,https://mtc.cdn.vine.co/r/videos/F30DB83E1C1285242331238731776_34befc01b04.1.5.6715543549353586697.mp4,23,10,0.83,0.90
5160,https://mtc.cdn.vine.co/r/videos/2AFE6F70631114485218217181184_1c717036ab7.4.7.4228715459245338972.mp4,29,8,0.97,0.88
5161,https://mtc.cdn.vine.co/r/videos/EBDAE1CF931253466081172008960_4e31387f3f7.0.1.17756413491945504590.mp4,23,6,1.00,0.67
5211,https://mtc.cdn.vine.co/r/videos_h264high/0DD211B92C1202814513846571008_SW_WEBM_14297475025834a82f9dd6d.mp4,25,10,0.84,0.60
5212,https://mtc.cdn.vine.co/r/videos_h264high/F366C86AB81315097529976811520_56bef0fc1d6.5.0.13904666868361684466.mp4,27,8,0.74,0.50
5226,https://mtc.cdn.vine.co/r/videos/38F6B427951229243559908614144_3c79baacd12.4.1.4326023467073408183.mp4,26,10,0.65,0.80
5230,https://v.cdn.vine.co/r/videos/07738EB97E1210755696807870464_367dfa4d51e.3.1.11172848369604331671.mp4,23,5,1.00,1.00
5234,https://mtc.cdn.vine.co/r/videos_h264high/56651F778D1322138182254526464_SW_WEBM_14581965037577d68b681db.mp4,27,9,0.85,0.78
5263,https://v.cdn.vine.co/r/videos_h264high/B2E795292D1373856292061540352_5bd1d0929ab.29.1.DAC2B84C-8230-4FE4-8B42-41DB2C1CE846.mp4,24,10,0.79,0.50
5281,https://mtc.cdn.vine.co/r/videos/75A3F3BF7D1282452398551998464_4b133914d88.4.0.16222039986406770566.mp4,26,9,0.77,0.78
5294,https://v.cdn.vine.co/r/videos/118147AD4C1309028960029544448_53893e3d97b.3.0.12984099567223311536.mp4,22,7,0.82,1.00
5318,https://v.cdn.vine.co/r/videos/75C47CC3541185073476500172800_3df60d74f34.1.5.2299911137660708123.mp4,25,9,0.68,0.78
5334,https://mtc.cdn.vine.co/r/videos_h264high/64B7DD8A891245275972753317888_SW_WEBM_14398711031274029e5a260.mp4,25,6,0.84,0.50
5339,https://v.cdn.vine.co/r/videos_h264high/7809D241EB1355684319611518976_532b1d7830c.21.0.1E742318-71C3-4274-A323-F9E99B1B4539.mp4,33,8,0.88,0.88
5350,https://mtc.cdn.vine.co/r/videos/999085E7621237912108755734528_3f8f6249586.4.3.2554013767769418143.mp4,27,9,0.81,1.00
5355,https://v.cdn.vine.co/r/videos/2E6A33EFA11318005384765747200_56db47208575cd76b8dafaa.mp4,23,6,0.83,0.83
5364,https://mtc.cdn.vine.co/r/videos/86258C20E81293704766270345216_432f1ae35b8.5.0.13323280480706015546.mp4,20,5,0.75,0.80
5370,https://mtc.cdn.vine.co/r/videos/29D72080981343731798399971328_5738debd59121894d3ce574.mp4,21,6,0.95,0.83
5399,https://v.cdn.vine.co/r/videos/4077C9AA6E1114073816868806656_2694ecf36c3.2.1.3102228391263544963.mp4,17,6,0.76,0.67
5402,https://mtc.cdn.vine.co/r/videos_h264high/A27AE628C81211351987191435264_SW_WEBM_14317830237954fb81b9709.mp4,22,11,0.91,0.73
5406,https://mtc.cdn.vine.co/v/videos/FFF49E5B-7970-4311-9758-8A259729954C-700-0000012A5E398FCC_1.1.mp4,21,7,0.62,1.00
5410,https://mtc.cdn.vine.co/r/videos/8280B7B8B01345280893278916608_573e817a6b8b18e98b2a346.mp4,20,7,0.75,0.57
5415,https://mtc.cdn.vine.co/r/videos/745E1882B21356555714293882880_53bd3658f0a.21.0.D2CDBA96-8B77-4107-A7F2-8EA20FD496CB.mp4,25,7,0.84,1.00
5422,https://mtc.cdn.vine.co/r/videos/1FD39EEAC81306455361548918784_453bc6e1a49.5.1.8741147330941754955.mp4,31,7,0.77,0.86
5423,https://v.cdn.vine.co/r/videos/F7774733E51163514292553822208_3bc48567320.1.5.9848532289984276976.mp4,25,7,0.72,0.86
5426,https://mtc.cdn.vine.co/r/videos_h264high/4C600BF12A1343434731001470976_53bfdfc9295.17.0.10140683404757084265.mp4,16,7,0.75,0.71
5428,https://mtc.cdn.vine.co/r/videos/6A0B29822B1308446027317161984_4bea1ec4c94.5.1.12591098073816287212.mp4,22,8,0.77,1.00
5430,https://mtc.cdn.vine.co/r/videos/AF3EA52C5A1038833256382230528_1a02f6b26fb.4.7.2364338544542516932_ZaElReO7ixE0pTv2wbXMFznSyu63SaPv9.nxJ_2jg3vXnA3ntG0aM5POBqDYrVsc.mp4,31,7,0.77,0.86
5431,https://v.cdn.vine.co/r/videos_h264high/2AF0C929811341825073036017664_SW_WEBM_146289023528121599acb10.mp4,21,9,0.86,0.89
5432,https://mtc.cdn.vine.co/r/videos/ED9409E7A71386096717354954752_53334b95c84.35.0.7B37F80D-F222-48FE-B494-711CE9969BC1.mp4,27,7,0.96,0.71
5440,https://v.cdn.vine.co/r/videos/F724F623F11214831149315682304_3c181f5b964.3.2.12606193199230250079.mp4,18,7,0.94,0.86
5442,https://mtc.cdn.vine.co/r/videos/9AC4A17B9D1231789395544776704_323ca4f4c99.4.2.8507466648283571796.mp4,26,6,0.85,0.50
5455,https://mtc.cdn.vine.co/r/videos/585393EBD21375517283073630208_5ba5e3f0c38.29.0.731C6BC2-74C2-4465-B378-B26B8506D34C.mp4,26,9,0.69,0.67
5465,https://mtc.cdn.vine.co/r/videos/494D1AA6051100230558564700160_1ad6b8c5978.3.2.mp4,23,11,1.00,0.73
5481,https://v.cdn.vine.co/r/videos/B78681122F1330712084585283584_5385c3cecfd.9.0.3585846194630511478.mp4,19,7,0.74,0.57
5483,https://mtc.cdn.vine.co/r/videos/A600918E831088433081179930624_1f58118728b.3.2.mp4,18,7,0.94,1.00
5486,https://v.cdn.vine.co/r/videos_h264high/4111C6A6591374872919825895424_59084efe205.29.1.89C3B501-6D89-40D8-BC32-03E7D24B1E64.mp4,17,6,0.82,1.00
5500,https://mtc.cdn.vine.co/r/videos_h264high/816A375C0C1345920834220781568_5b0948d3bb9.17.0.13678396456752907789.mp4,24,6,0.79,1.00
5516,https://mtc.cdn.vine.co/r/videos/E26927518B1149882691081461760_3101a2a3554.1.1.1263153759179259975.mp4,23,7,0.87,0.86
5557,https://mtc.cdn.vine.co/r/videos/8388175A701182784846720872448_39f71e452ce.1.5.13163075616642369747.mp4,20,9,0.90,0.78
5598,https://v.cdn.vine.co/r/videos/6DE5A9C73E1015567012325699584_10c2e7f672c.4.3.366132760179984413_G6TS9gBtygdzQfnqul9Nu2Plwj4RdtFtmzgoHFEohoRbKuxWAlRgPjza8uidbrx1.mp4,20,9,0.80,0.67
5609,https://mtc.cdn.vine.co/v/videos/31006301-740C-40D7-93E1-FFC970C3E121-1937-0000007F97E57BDD_1.1.2.mp4,21,9,0.95,0.78
5613,https://v.cdn.vine.co/r/videos/6FB1F370511195426146364334080_35977a49aab.1.5.6421591292970607671.mp4,22,6,0.91,0.83
5626,https://v.cdn.vine.co/r/videos_h264high/1BC08AF77A1308197919765467136_41bbae6cfcb.5.1.13749381162824110147.mp4,19,9,0.84,0.78
5629,https://v.cdn.vine.co/r/videos_h264high/DF0D41F9831201904786602377216_385661cfa5d.2.1.11182614683627013873.mp4,22,17,0.77,0.88
5637,https://v.cdn.vine.co/r/videos/C1ABE532501180563549119049728_361c66e1535.1.5.14116082514755781306.mp4,26,7,0.73,1.00
5639,https://mtc.cdn.vine.co/r/videos/889B40884F1185339465762336768_3b9853637c0.1.5.464513262431392851.mp4,19,6,0.74,1.00
5642,https://mtc.cdn.vine.co/r/videos/F22767934E1341714581239779328_5de2c6fabb6.17.0.593380859255594423.mp4,22,6,0.68,0.67
5657,https://v.cdn.vine.co/r/videos/3BC26D74561019824270500896768_19ec81bd74b.4.4.6195407138522640762_rQrnR1WinAUW4zeYubwtvusrlHMlavDiU9hSRlh5gvM2Y6Pe.x_4gLJlAT4XV1LF.mp4,24,8,0.88,0.25
5668,https://mtc.cdn.vine.co/r/videos/348325F4501161845193264545792_36a3c4b977a.1.4.1490870770215304082.mp4,25,8,0.76,0.88
5701,https://mtc.cdn.vine.co/r/videos/0F8AFD5EB01083642296618127360_1213687ac04.3.2.mp4,30,6,0.70,0.50
5706,https://v.cdn.vine.co/r/videos_h264high/A651BDF5661369689695277256704_5a92e9185b1.25.2.6E21DEBD-67B9-4025-BF5C-5113924D7A39.mp4,19,9,1.00,0.78
5716,https://mtc.cdn.vine.co/r/videos/7F663B16581223790488130322432_32fba96ef79.4.1.12466683240982631561.mp4,20,6,0.90,0.83
5746,https://v.cdn.vine.co/r/videos/3BFEC3E58B1115851589211910144_25898e33cf5.5.0.13807671876523256488.mp4,20,6,0.90,0.83
5752,https://v.cdn.vine.co/r/videos/D4D95ADDAD1118726090198843392_295444358a3.5.1.7325719010300844746.mp4,20,7,0.85,0.71
5759,https://v.cdn.vine.co/r/videos/177703C0261052322401540583424_1384eaac479.4.7.8241193128241905669.mp4,25,10,0.92,0.90
5770,https://mtc.cdn.vine.co/r/videos/0F6679B34B1399799972555554816_5ddfeb35404.33.0.8DD6C060-1335-40E4-8BB1-74049FE20336.mp4,30,8,0.87,0.88
5783,https://v.cdn.vine.co/r/videos/C276A1252A1219155007476248576_3521d1b6371.3.3.10919048161765101775.mp4,32,9,0.72,0.78
5805,https://mtc.cdn.vine.co/r/videos_h264high/B82C31A3C41293532404782440448_SW_WEBM_145137634738297430b1a56.mp4,23,9,0.70,0.78
5826,https://mtc.cdn.vine.co/r/videos/1F04EE3D211083978421987868672_2ec8c04e4ee.0.2.16879400476571860767.mp4,22,7,0.82,0.71
5867,https://mtc.cdn.vine.co/r/videos/BA3DC591311294378196615180288_4c83c3d04a6.5.0.6728985027402924320.mp4,19,7,0.74,0.86
5876,https://mtc.cdn.vine.co/r/videos/C1C16C55CF1299188689062256640_4114b905e52.5.1.4502364221256391336.mp4,19,6,0.84,0.50
5882,https://v.cdn.vine.co/r/videos_h264high/2754505F9C1337293981213696000_5c27ddcaa8b.13.0.16867740080330149591.mp4,17,7,0.88,0.71
5915,https://mtc.cdn.vine.co/r/videos_h264high/EAD19826771161496280795615232_SW_WEBM_1419896500408850e49158b.mp4,26,6,0.77,1.00
5917,https://v.cdn.vine.co/r/videos_h264high/249ABC2C001257286448760422400_SW_WEBM_144273465512655b5716580.mp4,17,15,0.88,0.93
5921,https://v.cdn.vine.co/r/videos/C59B6EE70E1339270820992000000_55b1a402b11.15.0.6133211609016367599.mp4,26,8,0.81,0.63
5923,https://v.cdn.vine.co/r/videos_h264high/F7149EB9F71391621054413541376_54b8f4860b1.35.1.4A564278-A8C8-47B2-A81E-F2DBA02B82BB.mp4,19,7,0.63,0.29
5931,https://mtc.cdn.vine.co/r/videos/F90A4ECFD11127240040859201536_296fb3d228e.5.1.3238595003265718210.mp4,19,8,0.89,0.63
5938,https://mtc.cdn.vine.co/r/videos_h264high/998BFE20AB1431520655060393984_56a5ee9ca2e.43.0.7DC81049-259B-402B-B76F-EDA72680410F.mp4,25,6,0.84,1.00
5945,https://mtc.cdn.vine.co/r/videos/1C16BC104D1061825940319014912_12199c178f9.4.8.2532189735663513530.mp4,25,7,0.92,0.71
5947,https://mtc.cdn.vine.co/r/videos/A10417A7-3C91-444F-B61F-AE9EA6912F46-2438-000000E5E2853F16_1.0.7.mp4,23,7,0.87,0.43
5963,https://v.cdn.vine.co/r/videos/6865D22663992158684497289216_1f7c22ec66e.3.1_VPUlpi93L9joAlOT6Np3m8Wfv8TvPYNDbQA50t6BX6LUO3v.w5C4egIF.oFE._rm.mp4,15,6,0.87,0.67
5974,https://mtc.cdn.vine.co/r/videos_h264high/5FFE24F1D11259935236502986752_1863db07778.3.2.mp4,20,7,0.90,0.71
5977,https://v.cdn.vine.co/r/videos/4A3FEE59341183775552822214656_32638a5fbe4.1.5.14639905481591919188.mp4,25,9,0.72,0.44
5982,https://v.cdn.vine.co/r/videos/3A992799631345225034171826176_573e4d6fa1ca44ba2fd838e.mp4,21,8,0.81,0.75
5995,https://v.cdn.vine.co/r/videos/18E5169A151416621477679226880_55cc3a735f2.41.0.206BCBA7-00AC-4DB4-8E85-7F1C2D60648A.mp4,20,8,0.95,0.75
6006,https://mtc.cdn.vine.co/r/videos_h264high/F6F2F5E48B1339390356772761600_SW_WEBM_1462309743585757ef64ab1.mp4,18,10,0.94,0.60
6007,https://v.cdn.vine.co/r/videos/B06441C97F1182492783345811456_3c47b4f6a89.1.5.12546091948377639431.mp4,16,9,0.75,0.67
6011,https://v.cdn.vine.co/r/videos_h264high/F60E3381F21261861293624057856_SW_WEBM_14438253841857336ce91f2.mp4,22,7,0.95,0.86
6020,https://v.cdn.vine.co/r/videos/6C6FBAD1091353787757813731328_5bcd47fb674.21.0.54807EFE-F483-4727-A64E-AAA12DD9F125.mp4,28,7,0.64,0.57
6031,https://mtc.cdn.vine.co/r/videos/4880271AF11164062556491530240_33292b0441d.1.5.16072483897992319829.mp4,24,7,0.75,0.86
6033,https://v.cdn.vine.co/r/videos/F7F6044AEF1023041694054354944_1cc6ad9f8b1.3.4_rj8.5mlF3vdUhjWGuB095ffiz9q_pbTt0fw1CWbr4ON9eCmU8iVzKgLywWMBr0C5.mp4,27,8,0.93,1.00
6035,https://v.cdn.vine.co/r/videos/B637648D4A1166997091332112384_3233a30c48d.1.5.2926354594030913471.mp4,20,11,0.90,0.91
6059,https://v.cdn.vine.co/r/videos_h264high/EB6B623DF31320498029874565120_SW_WEBM_14578054701095b95715a1c.mp4,24,11,0.92,1.00
6061,https://mtc.cdn.vine.co/r/videos_h264high/7CAFD635D71401518923052355584_SW_WEBM_1477122356672a240b23f00.mp4,22,11,0.86,0.82
6076,https://v.cdn.vine.co/r/videos/85DE7FC7AA1166761223895887872_34dd9d9626d.1.5.15866481785488722705.mp4,27,6,0.63,0.50
6091,https://mtc.cdn.vine.co/r/videos/1A127E62021321566768367587328_5bd794113f4.7.0.1765413054846795444.mp4,23,7,0.78,0.57
6121,https://mtc.cdn.vine.co/r/videos_h264high/ACC1A434ED1329934120067162112_5c91ec2aadf.9.0.7740584291281065561.mp4,19,8,0.89,0.75
6136,https://mtc.cdn.vine.co/r/videos_h264high/2D38A0EE141237369301338628096_SW_WEBM_14379823646517f3bfd24e0.mp4,20,7,0.90,1.00
6154,https://v.cdn.vine.co/r/videos/09E48CC7D81016021607527178240_1c7699802bb.4.4.11821187673313044645_Z9_r2VFs18xPDPxo0uLXOaLscaWMeLL7hqsipMEpEA_kXtY6Q1T3mbtKCHodXTZ2.mp4,21,9,0.90,1.00
6177,https://mtc.cdn.vine.co/r/videos_h264high/12B322F4AB1326298572135612416_56feabecb81.9.0.13400848625043331441.mp4,23,6,0.96,0.83
6182,https://mtc.cdn.vine.co/r/videos/AA485CE97B1362761340120600576_577e19626a3966f699a4631.mp4,17,6,1.00,0.67
6191,https://mtc.cdn.vine.co/r/videos/36D3C8CB781207379586007056384_33c227b5327.3.1.6104189757715167980.mp4,20,7,0.70,0.86