,video_id,short_term,long_term,short_term_norm,short_term_pred,short_term_norm_pred,long_term_pred
0,8,0.75,0.57,0.6242403111248205,0.8126652234502961,0.80060496770272,0.762054765790825
1,26,0.87,0.43,0.8695652105807887,0.8193312425679561,0.807046393601151,0.7556318938793098
2,33,0.69,0.75,0.672876316155697,0.7862041100961308,0.7746669011723377,0.7315596134934268
3,46,0.87,0.57,0.8695652105626488,0.8078126361837262,0.7944193707200848,0.7865521540421962
4,64,0.84,0.56,0.7698384644041473,0.818592167070614,0.8077540421049014,0.7718400034302134
5,70,0.74,1.0,0.7391304285367347,0.8242919084525386,0.8078850748258047,0.7695205907891078
6,74,0.91,1.0,0.8969412923334055,0.8378573842097075,0.8313473629658458,0.7884316218089352
7,117,0.89,0.9,0.8670265629221968,0.8343397115363378,0.8255086134002674,0.7742128014723846
8,139,0.82,0.8,0.8181818110053757,0.8329169203324343,0.8154699457377387,0.7846343615787865
9,143,0.81,0.86,0.7863942679295335,0.8406849445896485,0.8285781222925904,0.8456796843378495
10,148,0.73,0.86,0.7000834972521168,0.846182746504447,0.8384984185555641,0.7961586480643152
11,160,0.82,0.43,0.7974976638936105,0.8371517761306692,0.8316775746327942,0.7785040828858779
12,165,0.88,0.8,0.8712755355741071,0.8338164148581358,0.8242761449487183,0.8021253530747378
13,171,0.82,0.67,0.8181818117052971,0.828756825223015,0.8174167577950339,0.8304207485482431
14,172,0.87,0.83,0.8695652093190344,0.8234707245927817,0.8201518871278494,0.7971160834160983
15,188,0.83,0.71,0.7802243767909018,0.8235052694780002,0.8118400025989518,0.7976031659785014
16,216,0.85,0.83,0.8499999928387707,0.8202506253064752,0.8067053293522947,0.7491262736665256
17,220,0.91,1.0,0.9130434713807462,0.8137153106568913,0.8090439639589352,0.7818171556104979
18,225,0.72,0.67,0.7199999943412919,0.8258198066593027,0.8170172149553957,0.7696076169769844
19,227,0.92,0.83,0.9166666595516372,0.8567298458036188,0.8492358703124108,0.8025112601704563
20,241,0.88,0.71,0.8401887745692203,0.849922326266952,0.8432974065825942,0.8004241587767822
21,246,0.96,1.0,0.962962956030231,0.8490770707429712,0.8422370041656004,0.7838095568066034
22,250,0.78,0.83,0.7826086882794425,0.8332927540163934,0.8263241655620038,0.7893785661230791
23,261,1.0,0.89,0.9999999499948856,0.8754130059752542,0.8713673460467507,0.8065910159652553
24,271,0.85,0.63,0.8208109394417125,0.8349744865335518,0.8206571282412236,0.7482895716193103
25,276,0.78,0.71,0.777777772267314,0.8428281622647935,0.8423223180948144,0.7985762708450783
26,279,0.8,0.43,0.7614265848804934,0.8291788550752938,0.816834172083778,0.7674449886523655
27,280,0.8,0.71,0.7999999934860742,0.8083281480290814,0.7885772830845729,0.7273482013835455
28,305,0.95,0.38,0.9491333580609754,0.8263013647426882,0.8115813354242618,0.7621537220413479
29,309,0.76,0.71,0.690893681041283,0.8337462094497996,0.8265296364680723,0.8084758680613223
30,310,0.87,0.88,0.8224552971454552,0.8307228702640876,0.8262310350272817,0.7822634028335121
31,315,0.77,1.0,0.7201001637485096,0.8034819235494285,0.7897159794469533,0.7412059957555149
32,398,1.0,0.88,0.999999739878568,0.8286670609032903,0.8158104202475747,0.7906635356100206
33,400,0.93,0.86,0.9243708100677234,0.8138123960714887,0.8149365611626352,0.8144216050104115
34,410,0.71,0.57,0.7142857074627852,0.8359478766977125,0.8274961268755114,0.7920960721571575
35,415,0.57,0.93,0.5714285652971959,0.8151021223771903,0.8011465690592253,0.7489657740435167
36,484,0.71,0.2,0.7083333260924195,0.7990142630543462,0.7831704336440435,0.7378960432242326
37,505,0.85,0.67,0.8063882524049356,0.8249109433562519,0.8086172114542406,0.7637363249679305
38,508,0.87,1.0,0.8683967241151598,0.8376106449412422,0.8251728270294697,0.7711665551616168
39,528,0.8,0.83,0.7999999929851698,0.8249228205526142,0.8089741506361469,0.7967339548111896
40,538,0.93,1.0,0.9259259187573324,0.8180107433430084,0.811777159381699,0.7481997578894555
41,539,0.64,0.63,0.6339213358943504,0.8005505409567009,0.7786326052159969,0.7552470680731765
42,541,1.0,1.0,0.9999998685414104,0.8254285305738609,0.8140964346406164,0.7781512339570565
43,549,0.85,1.0,0.8214393521184611,0.8348501193415077,0.8301378816018391,0.8440672185941613
44,553,0.8,0.83,0.799452530707674,0.8264344019049611,0.826414276235284,0.8528463654918333
45,556,0.96,1.0,0.9599999931097212,0.8272981400008345,0.8083111094364274,0.7701967842883701
46,574,0.89,0.5,0.8888888821564767,0.8033881267233627,0.7923432018459827,0.7855465257480154
47,632,0.89,1.0,0.8903673589347291,0.8464774498254947,0.843229017811561,0.7942339511884106
48,650,0.79,0.75,0.7588160431268071,0.8498798033531174,0.8387603662777244,0.7914326653862623
49,660,0.81,1.0,0.7972044711130011,0.8451905936419767,0.842093555262039,0.8249834375960432
50,661,0.81,0.67,0.814814808363858,0.800065107110249,0.7876499777725413,0.6871878234732196
51,663,0.77,0.75,0.7582798546581806,0.8259738625298907,0.822810152985826,0.8114350717104201
52,687,0.89,0.63,0.8888888824485655,0.846227654573547,0.8400316191624818,0.7857102214626377
53,730,0.9,0.71,0.8999999929149858,0.8347920570843071,0.8193809363542879,0.7320123903148605
54,731,0.82,0.71,0.770435027056084,0.8195581917423901,0.8118941833546964,0.8099180545350688
55,754,0.87,0.9,0.8593335805834236,0.8632816228133515,0.8628075887191053,0.7741257000557094
56,760,0.71,0.75,0.7142857070754464,0.7828677623673095,0.7677995869171537,0.7747495781727756
57,784,0.88,0.5,0.8749999938904217,0.8378583311905162,0.8267984318690332,0.765024437460617
58,798,0.92,0.7,0.916666659187098,0.8322361087419691,0.8255700145448918,0.8005652003467114
59,799,0.88,0.67,0.8799999936468585,0.8207769141404916,0.8126643839728572,0.8017962279654711
60,815,0.93,0.83,0.9253615567945034,0.8669883760246152,0.8486907370008315,0.7647574597413672
61,818,1.0,1.0,0.9999998402496176,0.8184072943688878,0.8088076534773538,0.7424527363092047
62,827,0.92,0.75,0.8969169509807415,0.8212949075510133,0.8019880001354538,0.7367796462527806
63,829,0.92,0.83,0.9219699564021496,0.8170664891630756,0.8020775686599075,0.7578701283818504
64,834,0.82,0.88,0.823529404596256,0.7859314226292021,0.7751894322425628,0.7497031764462333
65,853,0.8,1.0,0.7334571574832065,0.7526195105182687,0.7359892245093617,0.661289486096019
66,854,0.68,0.88,0.6854577023924674,0.8245617810690676,0.8070628957596804,0.7785362177046722
67,864,0.64,0.7,0.6399999931728821,0.8315894349956914,0.8269942707907185,0.8011954621784139
68,919,0.8,0.67,0.7720563414616004,0.8061145301629055,0.7942162753682067,0.7487694775495319
69,935,0.79,1.0,0.7916666594635204,0.8358820243703854,0.8266583343958236,0.7975591977750653
70,941,0.9,1.0,0.8999999935754056,0.8311935021775436,0.8269422691510501,0.8284942667010007
71,952,0.73,0.89,0.6803423698426442,0.817695018039521,0.8089488033779538,0.7585102394852725
72,955,0.81,0.75,0.8148148063371811,0.8336759925688981,0.8287180050890228,0.7844041865726571
73,957,0.94,1.0,0.929571644751986,0.8022107151858534,0.7908166957696942,0.7669523189449767
74,983,0.88,0.71,0.8749999936525981,0.8428177767455025,0.8249535306037162,0.8194971727529456
75,989,0.87,1.0,0.8666666599456012,0.8305305640497911,0.8078192252663088,0.812434453932617
76,1000,0.86,0.83,0.8564877493114216,0.8477983493459518,0.8298851242442907,0.8370410366958978
77,1004,0.88,0.6,0.8359033493600861,0.8205197527286999,0.8043969876058247,0.7327228875257076
78,1015,0.92,0.86,0.9101947774137514,0.8590585784862541,0.8524404148258431,0.7757015797550184
79,1024,0.68,0.6,0.6818181739465561,0.8301462129461356,0.8204649708908303,0.7718234579296426
80,1025,0.9,0.83,0.89102669526584,0.8541264851999815,0.8530960597693232,0.8144123333662363
81,1030,0.87,0.33,0.866666659776532,0.8052854785204573,0.7963899578059026,0.7664168354098374
82,1034,0.9,0.92,0.899999992933802,0.8350305819482733,0.8338487257131935,0.7719422843569217
83,1099,0.88,0.89,0.8677799060066758,0.822415873409311,0.8191519430875875,0.7786043413130261
84,1103,0.91,0.33,0.9052264194916372,0.8113750627421796,0.7925691474189696,0.7448694487488579
85,1110,0.65,0.67,0.6186235062898281,0.8069747384436934,0.7834912290870696,0.730330998043734
86,1115,0.95,1.0,0.9474861427278982,0.8626422267366772,0.864441777862431,0.8357234747826408
87,1128,0.81,0.71,0.8124999938714023,0.7744904248080761,0.7690824167121729,0.7674130128967899
88,1129,0.88,0.71,0.8749999939846287,0.8442319818951135,0.8314812720971472,0.8308904571146858
89,1131,0.69,0.91,0.6923076857451383,0.8472340013473261,0.8411136528835313,0.7934806035942482
90,1142,0.7,0.0,0.6956521683396982,0.8170419009602732,0.8058341109232104,0.7490912850098687
91,1152,0.93,0.86,0.926647960560308,0.8254526289420983,0.81829091488735,0.7818656600221343
92,1154,1.0,0.78,0.9999997367746756,0.8686159492287294,0.8657326868243168,0.8310325495686065
93,1173,0.92,0.83,0.9021139667850108,0.8428789117334017,0.8279604146933417,0.7809767151065624
94,1174,0.89,0.83,0.8590893278809503,0.8388532435882811,0.8268105562221233,0.7781357547522875
95,1177,0.74,0.57,0.739130428461419,0.8098015029756811,0.8092968864837851,0.77949475702224
96,1182,0.7,0.75,0.6632950843272161,0.7867989478892833,0.7732392184162403,0.7220453258708469
97,1190,0.96,0.9,0.9608749641288772,0.8164824777654867,0.8109844112726814,0.7549285107332346
98,1193,0.96,0.75,0.956521732462514,0.8166250487097221,0.8081215662558037,0.8274766320447572
99,1199,0.87,0.6,0.8529635785989178,0.8456076043563199,0.8334722551752229,0.7647166590847193
100,1203,0.81,1.0,0.7480354491523191,0.8298353319027669,0.8158018252941642,0.7932615211467836
101,1206,0.95,0.73,0.9409363939069526,0.8438075833562102,0.835915491823531,0.8209540161322514
102,1213,0.7,0.88,0.6956521675770927,0.8361359698361308,0.8251483618439958,0.7612906918519144
103,1220,0.84,0.91,0.8518921788186098,0.8189261566108174,0.8152798387209929,0.7954825888929117
104,1223,0.91,0.63,0.909090901947889,0.7887270053870464,0.7734500875154552,0.7699378339959768
105,1238,0.77,0.86,0.7379060448414336,0.8187921178455805,0.8010198451689495,0.7759452600187006
106,1245,0.73,0.7,0.7298990576551029,0.822524195249347,0.8070006607026314,0.7534806196956496
107,1246,0.91,0.88,0.9130434708164896,0.8525039194555236,0.8441813379206625,0.7951768523666718
108,1248,0.85,0.57,0.8499999937110085,0.8423847757607239,0.8364244878678236,0.7876472087781778
109,1267,0.81,0.5,0.8148148073626084,0.8283088283468885,0.8208896903898021,0.8006599915602913
110,1279,0.94,0.67,0.893696017457102,0.8331952148670791,0.828015476608625,0.7597923759674253
111,1281,0.88,0.33,0.8599024922450456,0.8052603211046265,0.7903106305126862,0.7381231160976173
112,1309,0.95,0.91,0.9401112142334248,0.8095197304743583,0.7940839721591925,0.7795446926005305
113,1317,1.0,0.83,0.9999998528066348,0.8350347131572837,0.8307515244657399,0.7838386658215569
114,1319,0.96,0.86,0.9565217326106644,0.8530892352784535,0.8500696499066466,0.8267995122606276
115,1326,0.83,0.67,0.78653595728535,0.8311556733673653,0.82883148854371,0.806270062939505
116,1343,0.84,0.6,0.834382021683353,0.8410198624225085,0.8276072307213509,0.7757520397107033
117,1355,0.62,1.0,0.5685058209239591,0.8327527619741528,0.8012669671442676,0.7236645356657075
118,1375,0.89,0.83,0.8379750986614359,0.8333029557386173,0.8140985459243956,0.7620399792165632
119,1381,0.9,0.63,0.8999999936041247,0.8487737922648464,0.842790168504256,0.7770356337994964
120,1392,0.83,0.75,0.8409556231870787,0.8502433109463526,0.8420536811264212,0.7763219413920038
121,1395,0.72,0.57,0.6573458973652813,0.8179899860628039,0.8082250866949947,0.7970394277081692
122,1421,0.91,0.78,0.9130434720490564,0.8429751310009539,0.8412857491882522,0.796445143180987
123,1423,0.84,0.67,0.8421052563626109,0.7992387534409043,0.7882926061635215,0.7674232662422805
124,1436,0.81,1.0,0.8148148085006678,0.8130291832103913,0.8107160143637315,0.7727096291909966
125,1443,0.8,0.71,0.7643821411940801,0.8260815295633394,0.8164600182246806,0.7965159436207894
126,1463,0.6,0.6,0.5999999929676614,0.8193361110488787,0.8051243200452586,0.6990179468257783
127,1484,0.85,0.67,0.8499999936888858,0.8469041009386082,0.8498707893490789,0.8231558321383516
128,1489,0.82,0.78,0.8360667328743696,0.8253068351510036,0.8136136272026371,0.7840374200511719
129,1495,0.9,0.86,0.9047618980241486,0.8324357285428586,0.8170890207619034,0.7997833388894594
130,1500,0.85,0.67,0.8461538394920151,0.8404715142619693,0.8356403254735192,0.8054446846530577
131,1506,0.85,0.67,0.850371901815317,0.8413948311152971,0.8336071976468451,0.7839258027701262
132,1517,0.71,1.0,0.7303048175039252,0.8174460778585454,0.8092832853981267,0.8074021479031407
133,1530,0.94,0.88,0.931179175653802,0.8134257910711736,0.798489826101196,0.7543333877202546
134,1583,0.79,0.67,0.789473678265938,0.7889794580126585,0.7667517698270883,0.7145848594792226
135,1586,0.71,0.73,0.7142857087743782,0.8043656362533798,0.7908505549275162,0.7590140194691585
136,1589,0.76,0.71,0.7647058764869565,0.8414646036138816,0.8419021404291007,0.8609356230649464
137,1591,0.92,0.86,0.9194769259998996,0.7912774477379089,0.78088645938103,0.7516838365480245
138,1592,0.76,0.89,0.7619047543345118,0.7896818004064309,0.776959323516545,0.7405853613300896
139,1595,0.93,1.0,0.9285714221426096,0.8256522706141938,0.8090158771232189,0.787302500249963
140,1619,0.88,0.9,0.8676765751608847,0.8110227232722222,0.8081263563544673,0.7725863524057182
141,1632,0.71,0.78,0.7142857074541742,0.8186139668909308,0.8023962887851382,0.7796162617702953
142,1650,0.84,0.86,0.8399999935953945,0.7847102958277076,0.7658290336488679,0.7235335970948124
143,1663,0.91,0.8,0.9055725462036026,0.8229299313394206,0.8214990558324776,0.7620800266831631
144,1697,0.8,0.71,0.7999999920203535,0.8089655995281905,0.797174672531793,0.7982274375664118
145,1706,0.87,0.88,0.8695652111527228,0.8207814410573683,0.8221711754846314,0.7648768262792022
146,1707,0.82,0.5,0.7770936239769144,0.8434875683043987,0.8437665331469955,0.8185127880676129
147,1710,0.65,0.5,0.617518114244546,0.8188502228940696,0.8127147117048913,0.7711682370752312
148,1729,0.91,0.71,0.9130434711211504,0.8205815179013335,0.789272723785335,0.7599019053567869
149,1731,0.84,0.5,0.8421052558025232,0.7645346032053656,0.7642169359546823,0.7919567975880069
150,1733,0.76,0.69,0.7598267561993668,0.8355109357103605,0.8279603821505318,0.7575544814954281
151,1746,0.74,0.78,0.7391304285899113,0.815489266314397,0.7902564237420509,0.726547107553604
152,1750,0.75,0.6,0.7499999935874071,0.831945872132838,0.824329495896189,0.7895627370346368
153,1751,0.89,1.0,0.8888888819443269,0.8317122517776422,0.8124836062038215,0.8233456452116927
154,1758,1.0,1.0,1.0,0.8683638538713259,0.8576771535293863,0.8299471580689332
155,1766,0.76,0.57,0.7599999931638335,0.8131762840178051,0.8011079455446503,0.7584432423878633
156,1785,0.85,1.0,0.808110540447778,0.8098817581561504,0.8126678642562921,0.8260860632792516
157,1798,1.0,0.67,0.9999996574631612,0.857485215756403,0.846563693514296,0.8160871887773355
158,1800,0.82,0.75,0.7942213645479775,0.85178508808547,0.8428574064660619,0.8037717094179682
159,1805,0.85,0.5,0.8333922559088331,0.8101689799536584,0.79302592991544,0.7860781782959054
160,1809,0.6,0.33,0.5857037115734919,0.7918079157243794,0.7670541808817096,0.6746185246336328
161,1814,0.83,0.5,0.798211312615788,0.8435619325297206,0.8350380355145085,0.804100604121874
162,1824,0.95,0.71,0.9523809457787652,0.8256221560160684,0.8115359178299872,0.7731942964142848
163,1836,0.79,0.43,0.791666658905471,0.8316357929109622,0.8305501658107441,0.785134653418943
164,1850,0.76,1.0,0.7302810860007841,0.8302282367075898,0.8243177527240798,0.8601498655814362
165,1853,0.7,0.71,0.7037036962465552,0.8338426691296315,0.8150726838576643,0.7572348108133351
166,1856,1.0,0.89,0.9999995881599082,0.8649448549163293,0.8611772666653851,0.7954153110944427
167,1870,0.83,0.67,0.833333326776058,0.8071357050215561,0.7887973754852936,0.7492528703895153
168,1893,0.67,0.73,0.6346351800959037,0.7881503971953147,0.7860833388703317,0.7301477675954152
169,1896,0.91,0.91,0.9090909019757684,0.8321420479741133,0.8212377204463048,0.8652927308272416
170,1912,0.75,0.57,0.7495067233027846,0.8064606599297427,0.7954545876068407,0.7628848057571053
171,1918,0.88,0.67,0.8799999936965234,0.8324889313751563,0.8261001331057275,0.8069912627174883
172,1938,0.79,1.0,0.7699440902929992,0.8345715197046752,0.819258850334877,0.764318066712837
173,1948,0.9,0.83,0.8999999927795221,0.8206356659373657,0.8028664993329221,0.7742795132796396
174,1965,0.73,0.5,0.7138695396846908,0.8064449077721058,0.7982609293884048,0.7716263396687839
175,1967,0.92,0.8,0.9068197587147936,0.8447313594984919,0.8337181302762178,0.7751111307939051
176,1974,0.89,0.64,0.8888888814395668,0.8302710891837639,0.8170239425236143,0.7585031490647053
177,1976,0.88,1.0,0.8749999928792009,0.8248626083239678,0.81864709254255,0.8028699160549502
178,1981,0.85,1.0,0.8503641875025385,0.8409801239660764,0.8353261674138909,0.8380222242506659
179,1999,0.83,0.75,0.8333333262238203,0.8183167725163492,0.8010572569676573,0.7460308254067618
180,2000,0.71,0.83,0.7142857075558732,0.8162922293410788,0.8133270151501563,0.7505989659983101
181,2011,0.95,0.8,0.944233606126984,0.8578886715755631,0.8593821396811017,0.8101349885073371
182,2019,0.89,0.63,0.8888888819260001,0.8430240057552664,0.8372630531829471,0.7839525693787739
183,2022,1.0,0.4,0.9999997270532748,0.8193991346895946,0.7970731516444293,0.7754553983394122
184,2024,0.75,0.78,0.7357908282877432,0.7964319711042206,0.7755333994062332,0.764502805505993
185,2030,0.78,0.67,0.7777777707056331,0.8482883072500274,0.845331793551013,0.8376298671406206
186,2041,0.95,0.88,0.9499999935814818,0.8227809444745805,0.8044330638926519,0.7620480033479538
187,2057,0.83,0.8,0.8260869496588962,0.8502358935692313,0.8437996805254163,0.8150520974782859
188,2058,0.83,0.57,0.8260869503462861,0.7997169409939786,0.7888872304809138,0.7542977179656074
189,2072,0.83,0.57,0.8231290275513814,0.8370498373903689,0.8245070593536296,0.7784837114419422
190,2075,0.86,0.67,0.8571428497312582,0.8343282784517195,0.8232208195949908,0.7702997864006641
191,2081,0.92,0.88,0.9199999937012604,0.8465274827262266,0.8423632846939064,0.8011377671734388
192,2096,0.8,0.75,0.7757750320379565,0.8342542085383586,0.82182630639279,0.8034151667513891
193,2107,0.76,0.8,0.7793252890740124,0.8336526077421126,0.8230361009239054,0.7701233731961679
194,2117,0.88,1.0,0.8673633415924166,0.815513071795454,0.8043917742163158,0.7621341607969289
195,2152,0.87,0.9,0.8403554651663947,0.8431492408636226,0.8301111688056269,0.8029065041110649
196,2154,0.86,1.0,0.8313518234901704,0.8508060140651874,0.8340185478713591,0.8187106597218682
197,2161,0.86,0.71,0.8017778663821935,0.7886464742873119,0.7798717128690982,0.8008025507032935
198,2175,0.84,0.33,0.8421052571676204,0.8344992892568744,0.8157896395226455,0.7469908135322046
199,2178,0.73,0.83,0.7333333277694332,0.7848680355618355,0.7727621038584385,0.7462754196771199
200,2208,0.87,0.7,0.8695652099406449,0.8174986277788546,0.800694478100544,0.7672144527141783
201,2212,0.74,0.6,0.7108923883487108,0.8194824534097499,0.809355550487337,0.7732125544599153
202,2223,0.88,0.6,0.8749999934167787,0.7837921389964905,0.7685136896478741,0.7305595196684711
203,2225,0.86,0.88,0.8571428497119826,0.8455556464025439,0.8393703515359532,0.7534577126447113
204,2231,0.91,0.83,0.899486807257418,0.8506992361812747,0.8396327323429873,0.7975174975593324
205,2255,0.8,0.9,0.7533699217519958,0.8542502674566995,0.8444207623230587,0.8372728047683333
206,2258,0.86,0.63,0.8636363564347433,0.8504366429558633,0.8383469136461504,0.7485978132824223
207,2293,0.83,1.0,0.8333333256352135,0.8248043836800589,0.8100712435848814,0.7702648583199323
208,2295,0.92,0.78,0.9166666598201892,0.831105981571378,0.8258571698633987,0.8143226088296431
209,2299,0.83,0.77,0.8238877089071567,0.852248794358175,0.8452394005836585,0.7897513692463174
210,2301,0.86,0.83,0.8506160567728595,0.8320589744803247,0.8186813218847694,0.7516397212740377
211,2323,0.88,0.57,0.8513666395777731,0.8452678613825079,0.8389875094701131,0.7650925393571147
212,2359,0.91,0.8,0.9130434710864548,0.8335143321922767,0.8267710780374551,0.8058725576320553
213,2361,0.96,0.67,0.9615384546408215,0.8554212758697238,0.8512847112858491,0.7957787445730912
214,2384,0.8,0.6,0.7959390400687497,0.8314952936373236,0.8105454396279035,0.7758245612612934
215,2389,0.78,0.83,0.7739622506784218,0.822812204818201,0.8069635403139592,0.7517211274364272
216,2407,0.72,0.83,0.7150762269449791,0.7681091051122712,0.7618585010507136,0.7469100546289686
217,2408,0.94,1.0,0.944444437399512,0.8218312697999524,0.8082633816090369,0.7679352805829011
218,2418,0.89,0.67,0.8866350834887479,0.8391581829406523,0.824210200324713,0.767230930744895
219,2424,0.93,0.88,0.8936171092006704,0.8469302558486783,0.8385505314816455,0.805838139181865
220,2435,0.61,0.57,0.6111111046781681,0.8055273685799469,0.8027266351416233,0.8165992623242787
221,2437,0.9,0.83,0.8910304845336191,0.8511144385691162,0.8513853607301739,0.8431621189422348
222,2454,0.73,1.0,0.6823162438729035,0.8313300990729168,0.8229993077170085,0.7684079159210021
223,2456,0.7,0.8,0.6999999941769617,0.8366618726899561,0.812970197495045,0.7462346039681569
224,2469,0.72,0.67,0.688230435564523,0.814327130216124,0.79865268724496,0.7369408342852394
225,2476,0.82,0.79,0.8088713198831323,0.8318833205577252,0.8249883828472255,0.7868878779574878
226,2489,0.92,0.88,0.9166666600937824,0.8620181795928537,0.8594580323471824,0.7934483957638157
227,2492,0.95,0.88,0.9523809460742904,0.8441979979821985,0.8362217541469386,0.7867604599505547
228,2498,0.84,0.86,0.8399999924928331,0.8389974416099226,0.8331879385008258,0.765955064232324
229,2500,0.71,0.6,0.6854419868338756,0.8322551176402649,0.8229759812115113,0.7490960419037463
230,2518,0.76,0.8,0.731345458414942,0.8144270643405686,0.8006816286168296,0.7726927170674267
231,2519,0.74,0.57,0.7391304273408627,0.7988706984637981,0.7679409772085712,0.7424793138216477
232,2521,0.85,0.78,0.8499999929852697,0.8067371652789772,0.7941904045566306,0.6817881903263305
233,2523,0.85,0.67,0.8078334550432936,0.7636890646730465,0.749009905744779,0.6949133789596422
234,2555,0.86,0.75,0.8561108051763441,0.857687507792972,0.8503589027084065,0.793200352627166
235,2559,0.79,0.5,0.7894736783240581,0.8256806477536884,0.8210440844463495,0.7670943738257523
236,2560,0.86,0.8,0.8636363571805102,0.8277706035585498,0.8143631380121166,0.7670685500725603
237,2568,0.81,0.82,0.8005059169192009,0.8197649921615013,0.8030200173807588,0.7408598738531378
238,2588,0.77,0.5,0.7692307615623425,0.8247566428806766,0.814619999841161,0.7467306210087347
239,2602,0.9,0.38,0.9111115932168268,0.868116041889321,0.865869837952865,0.8156302683503736
240,2603,0.76,0.8,0.7599999930902303,0.8209320348191143,0.797372573193111,0.7389258412480038
241,2608,0.88,0.9,0.8674163736233313,0.8197815828158089,0.8061795840392234,0.7353563131953007
242,2610,0.88,1.0,0.8749999938161537,0.8744992443547922,0.8672577314799609,0.8454384357033992
243,2619,0.81,0.83,0.7421568224544955,0.7377365054983993,0.7186275832137715,0.741937844069055
244,2626,0.96,1.0,0.9604114029854124,0.8351396556120202,0.8238574916960448,0.7922773417725149
245,2659,0.71,0.4,0.7079365906863327,0.8027891869068411,0.8029054067696709,0.7676340257675195
246,2675,0.83,0.8,0.8260869502923515,0.833771490484726,0.8270360634849263,0.7990471950108913
247,2697,0.68,0.57,0.6775499762735487,0.8235646085436562,0.8077893333251301,0.747925258911363
248,2707,0.84,0.9,0.8323290229501883,0.8591481798509996,0.852321701634517,0.7940622049099304
249,2715,0.9,0.75,0.8919662356199568,0.8299018701839955,0.8268162524385179,0.7708459827090431
250,2735,0.95,0.67,0.9545454475716446,0.8230362436206988,0.8142122146782771,0.798654777711612
251,2736,0.96,0.88,0.9565217324512324,0.8112901670933295,0.812918803008432,0.8317380942472402
252,2737,0.78,0.8,0.7826086882133105,0.8333130331001393,0.8215665173924865,0.7918472147071633
253,2768,0.88,0.83,0.874999993491887,0.8115515099150566,0.7979433951881704,0.7656179582833451
254,2828,0.8,0.57,0.7922971013736391,0.819479392890496,0.813699273393094,0.7972720156548014
255,2846,0.82,0.88,0.7754129791861994,0.8250337552616739,0.8202380791750243,0.7790927242272467
256,2870,0.62,0.71,0.6218271716914238,0.8223048220505513,0.8082432116214048,0.7504105323470945
257,2891,0.86,1.0,0.8636363570930409,0.7943574638958966,0.7918047190609814,0.764586998369872
258,2894,0.8,1.0,0.7970012280672446,0.8255660500413314,0.8233455619450606,0.795482955297408
259,2902,0.67,0.86,0.6666666613782103,0.8452719732104694,0.8369440351529492,0.7981753988306483
260,2903,0.77,0.7,0.7633955845532698,0.8365593342782064,0.8166206123617759,0.7428557555520862
261,2912,0.85,0.83,0.8518518449542922,0.8195012844356215,0.8054958193115184,0.7736681685402014
262,2927,0.78,0.89,0.738704164458367,0.7877038210276728,0.7838585834073573,0.7779403778489283
263,2929,0.63,0.89,0.6315789427691837,0.831509618723608,0.8179605864333791,0.7739106894685791
264,2933,0.95,0.89,0.952380945979505,0.838784964799085,0.8272996650519867,0.7774763549725154
265,2934,0.94,0.78,0.9444444379916166,0.8468879260598939,0.8418000474614423,0.8139057457283586
266,2937,0.9,0.88,0.8999999933432595,0.8101683191502029,0.7947437840521429,0.7898654880871151
267,2945,0.82,0.75,0.8097777778667504,0.8416361264583129,0.829168365683836,0.749899938584813
268,2946,0.67,1.0,0.6666666604631989,0.8048792694870316,0.7902636844154901,0.7813730732061762
269,2974,0.59,1.0,0.5882352889409879,0.8301089193474941,0.824549428589926,0.8226288387971844
270,2994,0.79,0.93,0.7148438477052681,0.8303813953970561,0.8265388730726924,0.773946559181609
271,3057,0.65,0.71,0.6521739067879279,0.8334045316737698,0.826152183460837,0.8074686071616989
272,3068,0.93,0.83,0.9259259195254256,0.836424354517093,0.8203060778432079,0.7576640427898693
273,3077,0.89,0.6,0.8888888822104778,0.8254146312169327,0.8098339112293683,0.7598385480364253
274,3079,0.81,0.8,0.7753262582222847,0.8156262710312048,0.7995834762843101,0.7508434712772191
275,3090,0.95,1.0,0.9545454480809792,0.8199152306030209,0.8049954579442697,0.734368171075263
276,3091,0.91,0.88,0.9017928727300496,0.8364650499390235,0.8285863175362433,0.8103241416359181
277,3094,0.7,0.58,0.6730127381725152,0.834135666823833,0.8260385505562822,0.8179838583326089
278,3119,0.8,0.71,0.7742300873312592,0.759329610605566,0.7446977925183444,0.7085932604713698
279,3126,0.95,0.82,0.9473684144964511,0.8425553952817333,0.8320418494235129,0.7605237724344128
280,3131,0.86,0.6,0.86363635712448,0.8287431333699192,0.8100290686334929,0.7155829417601197
281,3134,0.88,0.8,0.884615377432731,0.814564197058717,0.7975291113909819,0.7949612074587207
282,3136,0.91,0.88,0.9007529611792569,0.8294167114483968,0.8202282509838612,0.7823138572605319
283,3147,0.83,1.0,0.8061577127539613,0.8254549201458257,0.8147361347681253,0.7940067960408432
284,3149,0.61,0.88,0.6111111047260686,0.8575140338653348,0.8544432418258243,0.8164170025941986
285,3181,0.72,0.82,0.7199999942573547,0.8135469576804368,0.8067546161484838,0.7490585648424402
286,3188,0.83,0.75,0.7827213222786615,0.8294297662094304,0.8078350077780044,0.7863953896024887
287,3214,0.94,0.64,0.9356394481151136,0.8156118279245743,0.7876434894266111,0.7597743489457305
288,3221,0.81,0.86,0.7973763114866396,0.8146717532758561,0.8036591881046752,0.7655657447414137
289,3235,0.95,0.43,0.9462457155063064,0.8370715492382008,0.8298282177536608,0.8131101790058196
290,3236,0.81,0.8,0.8095238027946717,0.8127230338871136,0.7960555333095198,0.7381176586135756
291,3258,0.96,1.0,0.9284302844954136,0.8199106540070695,0.8118243730806156,0.7688710428880662
292,3263,1.0,0.85,0.9999997025459346,0.8419707067381386,0.8387662387779611,0.8144315729794175
293,3275,0.82,0.67,0.7531563060819938,0.7979894136393546,0.7786165165805561,0.7182877357452584
294,3284,0.95,0.89,0.9545454476439242,0.8312170451813868,0.8239256592375307,0.7646794741149461
295,3300,1.0,1.0,0.9999998290356852,0.8423782336159558,0.8317462534828348,0.8097698731356219
296,3307,0.81,0.5,0.7985231169396784,0.8138652854575578,0.799547175813989,0.7266638295405157
297,3310,0.84,0.71,0.8035116395472285,0.8221211705920235,0.8001814267419647,0.78018636250041
298,3311,0.92,0.8,0.916666659507232,0.8390242017561763,0.8344933618339285,0.7844027910091385
299,3313,0.96,0.86,0.958652736345119,0.8181616863065243,0.8061289768477554,0.8038844416896628
300,3315,0.83,0.8,0.8333333271883485,0.830626191535372,0.8257239909699546,0.7561318780658766
301,3324,0.91,1.0,0.9192681823132702,0.8535888738512079,0.8478561455710469,0.7822142894925271
302,3337,0.95,0.78,0.950325563431127,0.8297323617573765,0.8225713470002248,0.78737438397506
303,3339,0.86,1.0,0.8636363565530419,0.8264622263453418,0.8267158966008434,0.821732793469476
304,3370,0.95,0.83,0.9489443476041408,0.8341260580543082,0.8167992727155048,0.7948870305081922
305,3373,0.81,0.5,0.8095238033667235,0.8448826522176621,0.8319259722653545,0.8472394116879709
306,3375,0.65,0.22,0.6470588176433918,0.8337568451130748,0.8234679717266431,0.7794754308623633
307,3376,0.88,1.0,0.8848527496642687,0.8054433757224968,0.7974380931891101,0.7969172014644836
308,3388,0.95,1.0,0.939775298136412,0.8506067000530875,0.8462341051021699,0.7690542057865517
309,3396,0.9,0.5,0.8999999929429203,0.8099943157976154,0.7967859027281046,0.7862045737693272
310,3403,0.72,0.78,0.7222222150871067,0.7959226310248472,0.7743371625415998,0.7450956524693438
311,3424,0.83,0.71,0.8333333261686957,0.803813042099523,0.7869136056047807,0.7731827464836845
312,3438,0.79,1.0,0.784347662379279,0.7945924134081319,0.7873210772225562,0.8327366778963325
313,3443,1.0,1.0,0.9999999007117784,0.8501203009038707,0.8383746668026079,0.7729125778452653
314,3450,0.84,0.83,0.8421052564357099,0.8586265159429998,0.8575273980943176,0.7983060781987803
315,3455,0.9,0.67,0.8876025203974166,0.8266220082055624,0.8090369021441091,0.7224670084058031
316,3459,0.78,0.57,0.7884969341334545,0.8266762379741285,0.8146833404745413,0.7964150973249977
317,3477,0.77,0.8,0.7690671559544934,0.8135239031389845,0.7997248483856748,0.7999973922184518
318,3495,0.8,0.64,0.7737501191554106,0.815660083782142,0.8047152968833489,0.7537316682099199
319,3496,0.81,0.88,0.790089206736433,0.836917657833947,0.8278172663411788,0.7856077986893317
320,3500,0.91,0.4,0.884242692633668,0.8028174511661683,0.7986259714953445,0.7229102309523623
321,3502,0.82,1.0,0.8181818111127238,0.8350035223015737,0.8199100377523484,0.7629646756763491
322,3504,0.81,1.0,0.7762375761881398,0.8349299807826182,0.8285824493980172,0.755455275261609
323,3507,0.86,0.75,0.8254799712565589,0.8615952574078538,0.8539703329297561,0.8266089413210624
324,3509,0.95,1.0,0.9425103602417484,0.858387598416221,0.8481779907019601,0.8120716709582316
325,3514,0.91,1.0,0.8955126894723301,0.861494812565924,0.8606423350234068,0.8275906989644265
326,3520,0.86,0.67,0.85714284970205,0.8204289840982094,0.8136281009051602,0.782478159194664
327,3539,0.84,0.75,0.8186625079606185,0.8284153814834345,0.8234945431751232,0.7917468534655455
328,3540,0.87,0.9,0.8139522520143171,0.8373697131409918,0.8276761625202838,0.79715276069749
329,3549,0.73,0.5,0.6822323524263006,0.8263741246541931,0.8201999744655954,0.7732561510462203
330,3560,0.84,0.83,0.8481709629696857,0.8539105887683228,0.8456800976787318,0.7979415523421752
331,3579,0.92,0.86,0.9199999928497684,0.8657152616981499,0.8677726768540411,0.7966254714929084
332,3592,0.89,0.82,0.8888888821607738,0.8484485154262084,0.8468360542978937,0.795565261149664
333,3595,0.72,0.78,0.7199999920005782,0.8134950122381199,0.8074645770541307,0.8181578958311161
334,3599,0.77,1.0,0.7832968519318183,0.8632718006271548,0.8549490459753477,0.7829709759520586
335,3603,0.95,0.83,0.9340191592578002,0.8559114160253088,0.8530481067228619,0.8035988325512796
336,3624,0.85,0.86,0.82391501995165,0.8048068094449664,0.8006743165119639,0.7722637071773658
337,3627,0.87,0.92,0.8419976191812916,0.8418351083575473,0.8238645798639626,0.765269158592945
338,3630,0.61,0.57,0.5794547055752206,0.8037725165093634,0.7997874096674813,0.793076869804217
339,3647,0.94,0.89,0.9411764639378032,0.8286198575019492,0.8120273549567507,0.7368563597661405
340,3653,0.8,0.63,0.7920145290061777,0.8274880568509211,0.810042759137986,0.790207907824429
341,3655,0.92,0.78,0.9064111147746858,0.8168020514519387,0.8091543666108928,0.8102976839889829
342,3662,0.72,0.88,0.7163639553412409,0.8491302773002899,0.8390468161551476,0.7716071668169396
343,3676,0.83,0.86,0.811615100091353,0.837319283561156,0.8290044031232179,0.774032330898419
344,3677,0.76,1.0,0.706457729024459,0.8012821451545943,0.7890102815092481,0.7284051344329492
345,3689,0.61,0.67,0.6086956446395941,0.8170923296354622,0.8120955568310368,0.77178232219877
346,3699,0.86,0.83,0.8414538166794936,0.84591896933548,0.8428267962672296,0.7794980572226001
347,3714,0.84,1.0,0.8421052571796409,0.8196773455283374,0.817017546295082,0.7835961012091638
348,3719,0.83,0.57,0.8148109909091016,0.8041179722114461,0.7901901107036182,0.7963076500182386
349,3728,0.9,1.0,0.9047618976542215,0.841644171803675,0.8407777623304491,0.7857464389063245
350,3740,0.9,0.82,0.8949732312882447,0.845483698693839,0.8384165424446899,0.8052277656679822
351,3742,0.88,1.0,0.8617659002708302,0.8303992832136182,0.8152695898143535,0.7548889668857813
352,3749,0.97,1.0,0.9655172344352452,0.8750809770132794,0.8641130854605765,0.8258317300365898
353,3752,0.75,0.78,0.7499999936293101,0.8398176330004122,0.8209591324138391,0.7794512296618525
354,3756,0.83,0.67,0.8160133695363394,0.8214607775845432,0.8136379203866697,0.7669445063096764
355,3758,0.79,0.67,0.7809327507301578,0.8369829518386069,0.8182517357881273,0.7548079519137352
356,3761,0.85,0.86,0.8445932163071727,0.8114302449266102,0.8069073681589689,0.7860661715786561
357,3780,0.69,1.0,0.6874999931658962,0.8313980349724885,0.8270870986916107,0.7751283710298179
358,3789,0.92,0.8,0.895231137486656,0.8320402900443205,0.8291016145506206,0.7397336985122286
359,3804,0.72,1.0,0.698621054075009,0.8333791145457543,0.8151761823726519,0.783257350048777
360,3807,0.96,0.75,0.9565217391304348,0.8131265787657578,0.8038249488208723,0.7807989274626728
361,3811,0.92,0.6,0.9207394586144892,0.8337990939385896,0.8227585685127214,0.8133730847793412
362,3860,0.65,0.67,0.6521739068658322,0.8378728447975593,0.8282240783485647,0.8033568507668875
363,3862,0.8,0.75,0.7872890814946616,0.8352105927852024,0.8246436166167552,0.8110932109889846
364,3863,0.78,0.75,0.777777771463507,0.829261465700862,0.8091762461837568,0.7657538081330365
365,3868,0.58,0.82,0.565530760748973,0.8211960872646558,0.8058299028736653,0.7691532538373819
366,3877,0.82,0.43,0.8181818117106936,0.8215152647620892,0.8160866769378753,0.7790433345561547
367,3907,0.86,0.7,0.8033937573377952,0.829653888876094,0.8322280050679369,0.8172271824341459
368,3908,0.76,0.8,0.7599999943026794,0.8230910984859037,0.8167507472841714,0.8018551112490653
369,3922,0.83,0.5,0.8095634517876572,0.834818500337249,0.8263252219560147,0.737043163872357
370,3924,0.7,0.75,0.6956521665245878,0.797175730695991,0.7890451206030201,0.7641350925377076
371,3928,0.83,0.83,0.8260869498007305,0.819187560009918,0.8017948844043387,0.7341414772314674
372,3929,0.83,0.75,0.8239152367206195,0.8195617517231966,0.8109348641740343,0.7750843682930045
373,3936,0.76,0.86,0.7619047544101356,0.818826970074356,0.8134602719722069,0.7941231372587628
374,3942,0.83,0.75,0.826086950408223,0.8239164515874354,0.8116030012300914,0.8013214127793297
375,3943,0.94,0.71,0.9383706370077304,0.8240152468200258,0.8169238536640265,0.802039673851001
376,3944,0.86,0.75,0.8636363565052921,0.8153047809855134,0.7969729444725334,0.7960918377585525
377,3947,0.89,0.75,0.8539093596474431,0.8069132553173266,0.7933336029637822,0.7149679974331821
378,3950,0.85,0.85,0.8499999929454325,0.8559182797959078,0.8455385804882364,0.8486853056987121
379,3972,0.91,0.83,0.9117646990388656,0.8265366743094242,0.8188315117995685,0.7747245325616284
380,3974,0.81,0.67,0.7819697659812886,0.8372471817421414,0.8290334705302387,0.791092117701173
381,3976,0.92,0.78,0.8731207377249176,0.7965765461189727,0.7800243553012646,0.7003931569793197
382,3982,1.0,0.86,0.9999999517384728,0.8460704415650004,0.8300030396703605,0.8507171374757104
383,3987,0.92,0.82,0.8976523183993256,0.8394286332517146,0.8400923620728228,0.8124383383188956
384,4011,0.81,0.71,0.8124999929365111,0.815729336350986,0.816188950750193,0.7895690111438733
385,4018,0.78,1.0,0.7618155306459641,0.8161566362064792,0.8030452288835822,0.7932689162394728
386,4035,0.87,1.0,0.8348916146029469,0.8005518941012623,0.7943746565538327,0.8295340591136657
387,4044,0.76,0.83,0.7349682830687112,0.8362419132961868,0.8355781123189753,0.773490516412238
388,4055,0.96,1.0,0.946233543005411,0.8372150449527767,0.8269201863438751,0.7581015624791889
389,4063,0.62,0.86,0.5752904503786916,0.82201300568085,0.802959068832939,0.764647267298748
390,4073,0.81,0.5,0.770280242271777,0.7921103206029717,0.7900224212691637,0.7692791838703569
391,4082,0.73,0.63,0.7272727194763047,0.8329989256615854,0.8226853581254165,0.7784012571775832
392,4086,0.8,0.75,0.7046554043105161,0.8195050388033673,0.8161704388649611,0.784155296504808
393,4101,0.92,1.0,0.9230769162005904,0.8420631499076853,0.8388091746765718,0.7982343922748927
394,4123,0.87,0.7,0.8032995182421685,0.7524280110619721,0.7409206038745201,0.7517256530599499
395,4126,0.89,0.89,0.8977866196637007,0.8546523108461449,0.8512166079062596,0.812709992446517
396,4128,0.68,0.83,0.6818181753568893,0.8417393982807129,0.8267519536819287,0.7519876435947986
397,4131,1.0,0.55,0.9999998983248658,0.824455879237029,0.8132404183687048,0.7874181014857811
398,4139,0.91,0.75,0.9100958473346076,0.8180657848102189,0.8014702631240277,0.7353504046996122
399,4153,0.77,0.38,0.7452814689713347,0.8575459320767951,0.8491638084699182,0.8126353006058277
400,4163,0.91,1.0,0.8968340789158397,0.80813697500945,0.7930177510556448,0.7280665748082554
401,4165,0.86,1.0,0.817016695674436,0.8330605932414852,0.825817799103443,0.7604351818145568
402,4170,0.96,1.0,0.9505308614492028,0.862095748523535,0.8549131055299558,0.8022035015503866
403,4177,0.92,0.88,0.9199999930951236,0.8163900710524452,0.800003624110901,0.7640947755046087
404,4192,0.88,0.73,0.8624641490420026,0.8371813556977015,0.8331819945698897,0.7919795747068534
405,4199,0.87,1.0,0.8695652105938508,0.8301752185430517,0.8156750602209994,0.791236000226111
406,4208,0.93,0.75,0.9032272888366152,0.8460951069961488,0.8411610606568982,0.807546049038946
407,4220,0.89,0.71,0.8816948399227962,0.8542838666008972,0.8523609844519161,0.8088688636075729
408,4228,0.88,0.88,0.8401874022089727,0.8488848123726709,0.8485908172775575,0.8192052041932864
409,4251,0.84,0.55,0.8354665370987998,0.8254646412610864,0.8111692121186171,0.7782556811934971
410,4259,0.89,0.88,0.8965010889278403,0.8174810167684585,0.8085346655928438,0.7899501885961834
411,4260,0.95,0.83,0.9383404145478742,0.8234596428440664,0.8172850616686087,0.8103794048438183
412,4261,0.88,1.0,0.8846153780054355,0.8306912801875028,0.8328986666288571,0.8016651728197003
413,4298,0.85,1.0,0.8418895874789685,0.8416961780483733,0.8275284619152965,0.8174171263782022
414,4305,0.76,1.0,0.7599999919385895,0.8382673462915116,0.828319174828251,0.7448038078022212
415,4306,0.76,0.86,0.7399252231080292,0.7865817346431317,0.7868645305898463,0.8137184361788257
416,4315,0.95,0.89,0.9473684141504332,0.8191050922616208,0.8022721980834266,0.7667751111445353
417,4316,0.78,0.6,0.7593801263787882,0.823860747467851,0.8177190529291103,0.749573640240337
418,4319,0.86,0.91,0.857142849781589,0.8425785912209969,0.8358939366930636,0.819020554304731
419,4323,0.88,0.86,0.8645794619659303,0.8482621422614389,0.8346898193542944,0.8184887097486094
420,4326,0.67,0.75,0.6666666594834322,0.8419421177243934,0.8319065748980923,0.7580480508128807
421,4331,0.82,0.5,0.8181818116801625,0.8346418789959934,0.82543478377176,0.7817299490595189
422,4344,0.75,1.0,0.7499999937896097,0.8340325413451429,0.8256953097557691,0.7812043311599792
423,4358,0.74,0.8,0.7407407344428958,0.8154609196509072,0.797401380526424,0.7163788774437194
424,4361,0.73,0.44,0.7307692241491945,0.8148432139666888,0.797570903222455,0.7567243159011645
425,4367,0.91,0.88,0.9090909016943832,0.8308721421114788,0.8202225073723141,0.7939674079486486
426,4380,0.95,0.71,0.9394406841305644,0.8446389409769125,0.831869946086789,0.7778995807503183
427,4393,0.81,0.88,0.8024313458709756,0.843379964869341,0.8281129610111352,0.7896378955917973
428,4396,0.57,0.83,0.5485995631113962,0.808982299535038,0.8042413917160529,0.7392406715659497
429,4452,0.87,0.71,0.8571199950760977,0.8303873910138782,0.8233682278346839,0.7736394554054311
430,4454,0.8,0.89,0.799999993582482,0.7911224246405029,0.7743083703159179,0.7476454075351724
431,4461,0.95,0.83,0.9271122670073928,0.8679026657864065,0.8651023640806694,0.7940873413695103
432,4478,0.83,0.83,0.825956491739501,0.8315652401630269,0.8285525811792177,0.8976528640577734
433,4493,0.9,0.75,0.8934184565020782,0.8419646393825223,0.8385064336576519,0.7770628396128516
434,4499,0.89,0.71,0.8911535227588216,0.8016785686811299,0.7806803367169565,0.773015561257808
435,4500,0.83,1.0,0.8058366250431543,0.8320557853673176,0.8237773152983439,0.8032380018172097
436,4502,0.93,0.6,0.9259259192757188,0.8418259711402546,0.8314019037144463,0.7810816550453479
437,4505,0.92,0.8,0.9222758764258492,0.8528077234543666,0.8471264284980276,0.8211700726664531
438,4510,0.93,0.57,0.9058628851520568,0.834772443024783,0.8115986521407548,0.7514411249320252
439,4534,0.62,0.86,0.619047613463316,0.8251937300317911,0.8101593139250417,0.8075391354866363
440,4550,0.9,0.57,0.8999999927946758,0.7729133908558895,0.7561728027944121,0.7601512658633628
441,4551,0.95,0.67,0.9520170851918875,0.8261297518450339,0.8200645996992441,0.7920261627573411
442,4567,0.8,0.82,0.7608466640835164,0.8084862974276333,0.7906745796778496,0.7512817640271261
443,4569,0.82,1.0,0.8235294043194317,0.81641031102817,0.811812096975888,0.7750015638277616
444,4572,0.9,0.88,0.8996163993113279,0.8397633628792881,0.836842004609588,0.7828640157346289
445,4581,0.81,0.78,0.8148148085258965,0.8216677560758368,0.8076372146372267,0.7726364892854393
446,4588,0.91,0.88,0.913043471431894,0.8581382093895785,0.8434217204361225,0.8355331223823455
447,4592,0.86,0.67,0.8571428505015566,0.8282660295930376,0.8201106994550729,0.7516835364511482
448,4606,0.9,0.71,0.9047618979945394,0.8432821273218278,0.8423719647964603,0.8231257535168357
449,4629,0.76,0.82,0.5283048405886377,0.810818503662024,0.805021259682614,0.7543861880520616
450,4639,0.72,0.71,0.6920664804645947,0.8294604525778715,0.8181904306642086,0.7560167003979311
451,4644,0.83,0.86,0.8260273863300671,0.8528980514105668,0.8461941258428471,0.8030030583633395
452,4653,0.88,0.83,0.8766011168700396,0.8074572168066487,0.7911990160264132,0.772912745740516
453,4664,0.61,0.5,0.6020942479008029,0.782526429096678,0.7705233703967771,0.7473811853827689
454,4673,0.68,0.56,0.6827634807037267,0.8316454482549858,0.8228769450944764,0.7476410049412793
455,4685,0.75,0.5,0.7499999923046115,0.8300194391803623,0.8127123351130334,0.7270197688932797
456,4719,0.87,1.0,0.8695652112134852,0.8326377548451191,0.7983934289197493,0.7289435223007396
457,4733,0.78,0.75,0.7826086882171651,0.8265109873556753,0.8200004412526479,0.8005415434463723
458,4788,0.79,0.8,0.7544967766346852,0.8226197721960647,0.8117086103973328,0.8004383105735885
459,4789,0.91,0.83,0.8896127682461383,0.8556329695091784,0.8495060582517749,0.7967639045193872
460,4814,0.72,0.89,0.7050514012759748,0.8110599202962884,0.8025813265571788,0.7626819755658207
461,4826,0.86,0.9,0.8567243211764886,0.8394099272815089,0.8292988645269799,0.7731259652113549
462,4833,0.85,0.9,0.8499999929287689,0.7943288513723097,0.7844674249039417,0.7596648356722396
463,4836,0.88,0.5,0.8884877991325991,0.810854717852547,0.7962429206524297,0.7364028486923689
464,4853,0.84,0.75,0.8105316212303153,0.8142873876819126,0.8013280322770426,0.7556321463060511
465,4864,0.71,0.6,0.7106542971460927,0.8315146395623492,0.8252582686393348,0.8303250569085913
466,4866,0.8,0.8,0.7999999942435787,0.836315824577911,0.828178647639072,0.8111460664141465
467,4875,0.81,0.86,0.8148148074149548,0.8308120594048742,0.8230233222035548,0.8120169473950003
468,4898,0.83,0.88,0.822073212997452,0.8469749209799715,0.8348218787305863,0.7674168598887509
469,4902,0.68,0.9,0.6778022164091598,0.8428892801379773,0.8318681752786696,0.8120351300285198
470,4907,0.87,0.6,0.7701756180978215,0.801119807632645,0.7895612307305241,0.7214415668753649
471,4909,0.9,0.71,0.9047618983203912,0.8377421308492251,0.8304954606602364,0.7813244348606567
472,4913,1.0,0.5,0.999999910065452,0.8310340520465387,0.8243651631172297,0.8536880440027754
473,4918,0.94,0.78,0.9444444375853772,0.8563774492685098,0.8488403260538137,0.8606717413277477
474,4923,0.8,0.71,0.7999999928582209,0.827830751507418,0.8178453472265348,0.7437618307878245
475,4926,0.88,1.0,0.8463230309206308,0.8399617462674314,0.8334584722232857,0.7613478160127759
476,4932,0.92,0.78,0.9144172968612416,0.8079804058620593,0.7956126683182332,0.8440402712003316
477,4936,0.69,1.0,0.682930203078059,0.8268595065847885,0.8060192395713751,0.8260783703571268
478,4942,1.0,0.43,0.9999999818719572,0.8438169906479663,0.8357952342085027,0.8129372924474346
479,4949,0.95,1.0,0.9521152704592528,0.8369534417106671,0.8339289418690663,0.7899239851096934
480,4961,0.87,0.62,0.8695652093381905,0.8242055472211925,0.8082162844727714,0.7928369629508456
481,4965,0.79,0.88,0.7916666594939665,0.8295476950880164,0.8226474358647582,0.7954835201298895
482,4981,0.81,0.78,0.792292960110812,0.8453279504381612,0.823076484046361,0.8185460539910062
483,4989,0.9,0.5,0.8999999932329803,0.8570238066473069,0.8458602678283383,0.7755146399134931
484,4990,0.92,0.9,0.9116564236911012,0.8247628800304202,0.8060326217824664,0.8043494658329847
485,5004,0.74,0.8,0.7241290064143435,0.8515688064510017,0.8405780011203128,0.7874828639844146
486,5010,0.86,1.0,0.8620689581327492,0.8444757809009807,0.8358460211330919,0.7880831401268431
487,5022,0.77,0.63,0.6888275681992337,0.8535540622917797,0.8476684413414444,0.8148608722556805
488,5045,0.91,0.86,0.909090902612437,0.8496712519744529,0.8387380811142258,0.8109433276654019
489,5057,0.91,0.75,0.9090909032272642,0.8639460883503657,0.8653849611499609,0.8166441862623893
490,5065,0.64,0.78,0.636363628583832,0.8244592226161359,0.8116606298812951,0.7834536803708944
491,5067,0.86,0.71,0.8636363571535224,0.8354285695786556,0.8234720868671345,0.7768317560395591
492,5081,0.8,0.91,0.7999999941835707,0.828273155534976,0.8059540955301272,0.7572270859148179
493,5103,0.88,0.83,0.8476565233107647,0.8209873095981839,0.7918888244188508,0.789020506812127
494,5122,0.9,1.0,0.9047618983274776,0.8400888780732598,0.830744221647701,0.7854471451367802
495,5146,0.71,1.0,0.7083333263680054,0.8344052340970124,0.8241194770598478,0.7607278222696687
496,5154,0.83,0.9,0.723400396095413,0.8403587811057917,0.8348208576505701,0.7970771776598552
497,5160,0.97,0.88,0.9655172343010616,0.8526347639292654,0.8403048026095048,0.7773910846574491
498,5161,1.0,0.67,0.9999998606817656,0.8446105644602548,0.8298536266278902,0.7850620237135307
499,5212,0.74,0.5,0.7407407343167995,0.8296795569591575,0.8199072028755829,0.8365317457635162
500,5226,0.65,0.8,0.6538461473613434,0.8304528266836474,0.8208763387981366,0.7496652503420753
501,5230,1.0,1.0,0.9999995411305004,0.8203492482215435,0.8046564112540371,0.7702997842730297
502,5234,0.85,0.78,0.8454410678125759,0.8074759632567828,0.7973697497579401,0.7794065616574597
503,5263,0.79,0.5,0.791666660721561,0.8323482331041157,0.820351170171717,0.7673251280241394
504,5281,0.77,0.78,0.7692307614929231,0.8028461627640892,0.7834273994632694,0.8055208766546424
505,5294,0.82,1.0,0.8181818104135367,0.8394920044477202,0.8303017824661336,0.7727150668471536
506,5318,0.68,0.78,0.6181645387536381,0.8615462815429576,0.8513222919353072,0.808065799000079
507,5334,0.84,0.5,0.8399999937497303,0.8454256142882104,0.8385483721207562,0.8107543210500002
508,5339,0.88,0.88,0.8344995948913204,0.8348520534089539,0.8273707827951187,0.7620410393793127
509,5350,0.81,1.0,0.7796185308809085,0.8311054053084859,0.8191501165009151,0.7616555529870821
510,5355,0.83,0.83,0.8122657876019683,0.820721294980518,0.8198218649736325,0.7951698529953346
511,5364,0.75,0.8,0.7499999935785009,0.8352580559906029,0.829887638002553,0.7722808604600238
512,5370,0.95,0.83,0.9523809454366888,0.8459938924733656,0.8329645376340666,0.7782624922905118
513,5399,0.76,0.67,0.7647058749563628,0.8287956298308425,0.8245046598745436,0.7879692255930851
514,5402,0.91,0.73,0.9090909022418764,0.8393650997386572,0.8278699639278765,0.7867546480762326
515,5406,0.62,1.0,0.619047612296449,0.8460040328569046,0.8513816627947686,0.8025579112195144
516,5410,0.75,0.57,0.6603067170685566,0.8065990691944583,0.7892214159093617,0.7219271247713688
517,5415,0.84,1.0,0.8067909790298805,0.8521873785037521,0.8511140208280913,0.8010788285360406
518,5422,0.77,0.86,0.7734956146388902,0.854777622906578,0.8446358383838237,0.787942009357243
519,5423,0.72,0.86,0.7199999920900754,0.8582372166979936,0.8500124429452308,0.8028032293619516
520,5426,0.75,0.71,0.7208496471382339,0.8198291871667823,0.8055095570576872,0.7355544027791128
521,5428,0.77,1.0,0.7592061303886485,0.8358197691831094,0.8281874319197978,0.7817395228395418
522,5430,0.77,0.86,0.7741935399512445,0.8263133550954789,0.8120533630953598,0.7917990036360313
523,5431,0.86,0.89,0.8571428509991281,0.8377978577961567,0.825364247563826,0.792599924427076
524,5432,0.96,0.71,0.9629629563121468,0.8230051113262079,0.8121290292942662,0.757065685197669
525,5440,0.94,0.86,0.9441717158442556,0.8355981576720699,0.8216738703935546,0.7941617528266938
526,5442,0.85,0.5,0.8461538400930576,0.8340403881315581,0.8249108366256944,0.7670686907667996
527,5455,0.69,0.67,0.6389652993757156,0.8210460530140076,0.8031935245598225,0.7181143305870148
528,5465,1.0,0.73,0.9999999811261564,0.8319468580702061,0.8188149270005517,0.8075358438759235
529,5481,0.74,0.57,0.7122430465012529,0.8260495968885001,0.8168601081151101,0.793831864490995
530,5483,0.94,1.0,0.9351784324529278,0.8590180671887334,0.8503925995360431,0.8156787485374419
531,5486,0.82,1.0,0.8235294050388278,0.8528710340205552,0.8489537911201332,0.773249233969178
532,5500,0.79,1.0,0.7916666600325473,0.8190932745244658,0.8022272029474042,0.7714624378459237
533,5516,0.87,0.86,0.8499158023219968,0.8274860828968036,0.8168080703923531,0.7986167873838471
534,5557,0.9,0.78,0.8999999939839212,0.806615143400647,0.8036376845252793,0.8228322694280847
535,5598,0.8,0.67,0.7318045982547916,0.8167321008005571,0.799226024769529,0.7625521012543346
536,5609,0.95,0.78,0.9420280867849916,0.8402705071591187,0.8375073205599826,0.8040710636032045
537,5613,0.91,0.83,0.9090909035651455,0.7819126812210224,0.7619815516674919,0.7716640256847445
538,5626,0.84,0.78,0.8421052570785917,0.8416227901841185,0.8342766562628589,0.7923839676497004
539,5629,0.77,0.88,0.7727272668937353,0.8206447909368119,0.8033295844156779,0.7552248161734021
540,5637,0.73,1.0,0.7242038041910092,0.8349372440860607,0.82535182564278,0.7503377488492627
541,5639,0.74,1.0,0.7368420985659702,0.8330686161994905,0.8240853648263899,0.7784597583678607
542,5642,0.68,0.67,0.6006662984997521,0.8143896197352327,0.810126589258838,0.8047426479137088
543,5657,0.88,0.25,0.8670769937783701,0.8078011724528821,0.8015297904410584,0.806868931532289
544,5668,0.76,0.88,0.7472923836128058,0.8433530601607924,0.8256252133052183,0.7922538159191448
545,5701,0.7,0.5,0.6999999932400136,0.7907334738651917,0.7714445017106666,0.7753652654633404
546,5706,1.0,0.78,0.999999635883694,0.8115762638814121,0.8022758645704803,0.7471573755616406
547,5716,0.9,0.83,0.8999999932392698,0.8537750207156047,0.8442404819254059,0.7832179986322181
548,5746,0.9,0.83,0.8798786568743592,0.8324484187645687,0.830809976692024,0.7976459572444107
549,5752,0.85,0.71,0.818790675173751,0.8333052667244845,0.8165950901183505,0.7848414898625183
550,5759,0.92,0.9,0.919999993143432,0.8297068241771711,0.8197220053466391,0.7492436843360581
551,5770,0.87,0.88,0.8613852871568543,0.85685110459658,0.853350096314071,0.7984826675643737
552,5783,0.72,0.78,0.7129892611498274,0.8225605775036493,0.8229629773339674,0.7966137913633929
553,5805,0.7,0.78,0.6951764387716552,0.8328205705479821,0.8137900392759282,0.7611770397855779
554,5826,0.82,0.71,0.8181818116941185,0.8325095718703996,0.8286535419434147,0.7644897021534784
555,5867,0.74,0.86,0.729172824890266,0.8267559402388873,0.8164744095480643,0.7767034540383885
556,5876,0.84,0.5,0.8507628746084283,0.8215824524480726,0.8154974776574825,0.767135270331259
557,5882,0.88,0.71,0.8583264394134803,0.8327181229586855,0.8221228304306891,0.7548090772302939
558,5915,0.77,1.0,0.769230761540533,0.8172398692594084,0.8016413960273565,0.767439297957824
559,5917,0.88,0.93,0.8290004415101371,0.8451514138931455,0.8431804623333834,0.7800407708816463
560,5921,0.81,0.63,0.8076923000070224,0.8346041780891804,0.8319789725238415,0.8004163023676046
561,5923,0.63,0.29,0.6287261321741336,0.8171507207177404,0.8021142174737524,0.7696316317393185
562,5931,0.89,0.63,0.8076237966237516,0.8056877795490796,0.7893236170140588,0.7342159759766338
563,5938,0.84,1.0,0.8252651630164721,0.8082516218476316,0.792805374534407,0.7299407917412242
564,5945,0.92,0.71,0.9120003926351856,0.8549705126539165,0.8525597403086665,0.7847260619878602
565,5947,0.87,0.43,0.8695652105595016,0.8400544781041729,0.8324500826810666,0.7681649701882209
566,5963,0.87,0.67,0.8666666614539918,0.8331512793479185,0.8126206935082153,0.7901596858879998
567,5974,0.9,0.71,0.8999999936433858,0.8392497708233225,0.830641912769926,0.7913714792339193
568,5977,0.72,0.44,0.6978532876262845,0.8267120089784746,0.8215582759107842,0.7799389937073514
569,5982,0.81,0.75,0.8095238027635242,0.843319984922682,0.8233691713776159,0.8082221040097461
570,5995,0.95,0.75,0.9499999930850151,0.8274002028012586,0.8179244403356666,0.8091973506196463
571,6006,0.94,0.6,0.9489905109052196,0.8254322490811571,0.81454333630743,0.7750724420192086
572,6007,0.75,0.67,0.7436509072700515,0.8112752688998156,0.7952894180335004,0.7726573695816632
573,6011,0.95,0.86,0.9401952599848072,0.8300310396023686,0.8230729981104035,0.7737200278887817
574,6020,0.64,0.57,0.6428571368154132,0.8231260496665546,0.8041898439571986,0.7709371538781047
575,6031,0.75,0.86,0.7499999928369598,0.8308728856000229,0.8119139771050639,0.8162014203750891
576,6033,0.93,1.0,0.9025448842849166,0.8508335989136683,0.8450541712740448,0.7878867609307545
577,6035,0.9,0.91,0.8999999932883811,0.8219953108716329,0.8094825229479136,0.8146020591587965
578,6059,0.92,1.0,0.8814148821576274,0.8324868057344159,0.8277492859722727,0.8094492271470736
579,6061,0.86,0.82,0.8631768135083147,0.8423587170612178,0.8327353811655179,0.7723016798589112
580,6076,0.63,0.5,0.5582142376652928,0.8072033885673116,0.7901246849004642,0.7808350682305875
581,6091,0.78,0.57,0.7706553719487813,0.8050359229080144,0.7902185387910028,0.7444205847260701
582,6121,0.89,0.75,0.8947368350156721,0.8495505450840842,0.8428387297649333,0.8344032042759383
583,6136,0.9,1.0,0.8999999936194322,0.8180106320212905,0.8059055176682985,0.7301474911015362
584,6154,0.9,1.0,0.9047618979316862,0.8556655757043673,0.8583847738616422,0.8365917746008513
585,6177,0.96,0.83,0.95652173247773,0.8397559862636402,0.8328964522537575,0.790408370475362
586,6182,1.0,0.67,0.9999997987400948,0.867334171131948,0.8691440324306593,0.7759893837452211
587,6191,0.7,0.86,0.6977966421926898,0.8376777345613008,0.8324872880672475,0.7940159496124629
