,violent,funny,weird,chocking,cute,cool
0,0.42483949661254883,0.6631261110305786,0.6976333856582642,0.4307595193386078,0.5938113331794739,0.6669674515724182
1,0.5109164714813232,0.6210648417472839,0.6358868479728699,0.23107363283634186,0.3666103780269623,0.7310042977333069
2,0.402223140001297,0.43908771872520447,0.4350798428058624,0.29819390177726746,0.36593011021614075,0.7239843010902405
3,0.2137848138809204,0.4308565557003021,0.4982520043849945,0.38267722725868225,0.3462446331977844,0.6971529126167297
4,0.32885926961898804,0.44627484679222107,0.5465171933174133,0.32506489753723145,0.42230093479156494,0.5759384632110596
5,0.3829233944416046,0.45605579018592834,0.547207772731781,0.4319347143173218,0.45375338196754456,0.5511291027069092
6,0.3963727056980133,0.6254249215126038,0.6682790517807007,0.3450721502304077,0.4242277443408966,0.6322026252746582
7,0.36697059869766235,0.3691888749599457,0.5251772999763489,0.22561024129390717,0.33843567967414856,0.6657241582870483
8,0.240273118019104,0.47489023208618164,0.5984050631523132,0.35419175028800964,0.621646523475647,0.6125266551971436
9,0.2794318199157715,0.44991108775138855,0.5590773820877075,0.33253970742225647,0.2680521011352539,0.7079770565032959
10,0.3929329216480255,0.47194239497184753,0.528099775314331,0.39941564202308655,0.4022502303123474,0.5606763362884521
11,0.23725204169750214,0.6907426714897156,0.6691634058952332,0.28626343607902527,0.4696972370147705,0.7531353235244751
12,0.2425794005393982,0.44941842555999756,0.5104946494102478,0.28425201773643494,0.4009472727775574,0.7257821559906006
13,0.35791265964508057,0.3206808269023895,0.5589897632598877,0.2773255407810211,0.3123968243598938,0.7539179921150208
14,0.21044427156448364,0.498708039522171,0.643959105014801,0.28102004528045654,0.3091695308685303,0.6283652186393738
15,0.5152701735496521,0.5498834252357483,0.7252322435379028,0.29804450273513794,0.22501200437545776,0.5947096943855286
16,0.8385722637176514,0.5585401654243469,0.5915916562080383,0.21577739715576172,0.3626821041107178,0.5625948905944824
17,0.31178608536720276,0.5420946478843689,0.5246369242668152,0.3524152934551239,0.6019567251205444,0.6183604598045349
18,0.2692587077617645,0.5191633105278015,0.5299875140190125,0.34140223264694214,0.42734643816947937,0.6456527709960938
19,0.4424501955509186,0.725944995880127,0.6024015545845032,0.28852730989456177,0.606907844543457,0.6110872030258179
20,0.5838894248008728,0.5059681534767151,0.5620940327644348,0.2271302491426468,0.3881532549858093,0.5608868598937988
21,0.574079155921936,0.5547834634780884,0.6899799108505249,0.3180938959121704,0.31793633103370667,0.5189110636711121
22,0.3555256128311157,0.4991711676120758,0.5411750674247742,0.3367881178855896,0.43359503149986267,0.4440292716026306
23,0.4630524814128876,0.8148947954177856,0.7009820342063904,0.4901268184185028,0.48626425862312317,0.5587964653968811
24,0.7514622211456299,0.5745593309402466,0.6004112362861633,0.325349897146225,0.46766525506973267,0.5945071578025818
25,0.32344403862953186,0.4739319086074829,0.5182926654815674,0.31865325570106506,0.4969657361507416,0.5094999074935913
26,0.3228936195373535,0.5074718594551086,0.508401095867157,0.26655492186546326,0.3326062560081482,0.5708845257759094
27,0.35907334089279175,0.4502699375152588,0.4857058525085449,0.4007011651992798,0.3570922017097473,0.7323393225669861
28,0.46705466508865356,0.6142860054969788,0.6807753443717957,0.28876885771751404,0.407874196767807,0.618561863899231
29,0.29423120617866516,0.5156288146972656,0.5618749856948853,0.3042314946651459,0.5082576870918274,0.7189486026763916
30,0.33402854204177856,0.8015123009681702,0.5797348618507385,0.3517625331878662,0.5333507061004639,0.6339859366416931
31,0.2989765405654907,0.8183993697166443,0.5378548502922058,0.3323870897293091,0.47440680861473083,0.6444055438041687
32,0.4843426048755646,0.5786948800086975,0.5877153873443604,0.3153979182243347,0.394085556268692,0.5585830211639404
33,0.2565857470035553,0.5496470928192139,0.6107152700424194,0.2602500319480896,0.5952757000923157,0.766461968421936
34,0.3873615860939026,0.5541592836380005,0.5637625455856323,0.4160955548286438,0.3412540853023529,0.4935693144798279
35,0.34382906556129456,0.4714552164077759,0.4396771490573883,0.27160006761550903,0.33386051654815674,0.6711156964302063
36,0.42903193831443787,0.5845873355865479,0.689431369304657,0.3923749327659607,0.5173124670982361,0.6263852715492249
37,0.22018963098526,0.35234206914901733,0.37962639331817627,0.2512853741645813,0.3090774118900299,0.699685275554657
38,0.46157312393188477,0.4915125072002411,0.6573777198791504,0.3385158181190491,0.371121883392334,0.6017581224441528
39,0.7446010708808899,0.547461986541748,0.5825969576835632,0.29129722714424133,0.305571585893631,0.5302703976631165
40,0.49128857254981995,0.5239287614822388,0.49904558062553406,0.3378206193447113,0.36794689297676086,0.7333018183708191
41,0.30563852190971375,0.43749889731407166,0.44465360045433044,0.36105284094810486,0.32462868094444275,0.6531991958618164
42,0.7460780739784241,0.5940293669700623,0.6442338228225708,0.3645566701889038,0.3601539433002472,0.48488619923591614
43,0.4293666183948517,0.5361873507499695,0.6351973414421082,0.3212594985961914,0.4253734052181244,0.4775414764881134
44,0.653052806854248,0.5812908411026001,0.6890204548835754,0.36985135078430176,0.41739368438720703,0.5490618944168091
45,0.31670451164245605,0.5589361786842346,0.5063112378120422,0.3251049220561981,0.5915341973304749,0.7081401944160461
46,0.5705600380897522,0.6202206611633301,0.6332799196243286,0.20031650364398956,0.24359339475631714,0.7038977146148682
47,0.26326844096183777,0.5371801257133484,0.5627939701080322,0.4192100167274475,0.3881649076938629,0.6273318529129028
48,0.8520822525024414,0.4738215506076813,0.6227586269378662,0.28931567072868347,0.2613372206687927,0.40405216813087463
49,0.31954026222229004,0.6139004230499268,0.5432166457176208,0.24168109893798828,0.5253363847732544,0.6948038935661316
50,0.6479239463806152,0.5549842715263367,0.47879233956336975,0.37516161799430847,0.38095226883888245,0.7420186996459961
51,0.6367524862289429,0.5206150412559509,0.5677390694618225,0.34466153383255005,0.3143617808818817,0.6485009789466858
52,0.501317024230957,0.5344945788383484,0.7029600739479065,0.4481111168861389,0.29550737142562866,0.4948185682296753
53,0.3244982659816742,0.49567896127700806,0.6198522448539734,0.4532325863838196,0.23481175303459167,0.5562211871147156
54,0.2997795641422272,0.31536203622817993,0.4921562075614929,0.35992783308029175,0.4154515266418457,0.6396484375
55,0.4678315222263336,0.4806569218635559,0.6312434673309326,0.30372169613838196,0.3865281045436859,0.4408099353313446
56,0.7023917436599731,0.5093300342559814,0.5209888219833374,0.3299088478088379,0.31105268001556396,0.6906980872154236
57,0.7467691898345947,0.5441621541976929,0.48632749915122986,0.2226693034172058,0.2246597558259964,0.5726460814476013
58,0.15497730672359467,0.5408188700675964,0.47558313608169556,0.3575780689716339,0.6401148438453674,0.7317596077919006
59,0.7572876811027527,0.5169659852981567,0.537125289440155,0.36767151951789856,0.23692043125629425,0.43959036469459534
60,0.31251367926597595,0.6133900880813599,0.4862038195133209,0.22724883258342743,0.48837369680404663,0.7339903116226196
61,0.2634568512439728,0.36999183893203735,0.5395878553390503,0.2770124077796936,0.25013285875320435,0.5128306746482849
62,0.5213227868080139,0.44621336460113525,0.519206166267395,0.32530462741851807,0.38595306873321533,0.592173159122467
63,0.23434004187583923,0.4352579712867737,0.43982407450675964,0.2747609615325928,0.4636971056461334,0.7095996141433716
64,0.7397162318229675,0.5167494416236877,0.47629427909851074,0.21898840367794037,0.24681900441646576,0.6825079917907715
65,0.36733248829841614,0.49718523025512695,0.4443221986293793,0.44014641642570496,0.33423835039138794,0.7624614238739014
66,0.22387902438640594,0.5159519910812378,0.5199065804481506,0.3025360405445099,0.3572571277618408,0.6803191304206848
67,0.6252154111862183,0.43685537576675415,0.7007038593292236,0.4835539758205414,0.1095304787158966,0.41346627473831177
68,0.23736880719661713,0.45577675104141235,0.580165684223175,0.2339193969964981,0.2676789462566376,0.6864835619926453
69,0.33871906995773315,0.43915581703186035,0.5814523696899414,0.44838112592697144,0.39808568358421326,0.5777670741081238
70,0.8029221892356873,0.50215744972229,0.5825014114379883,0.185262992978096,0.25517693161964417,0.6463134288787842
71,0.6374050378799438,0.5298247933387756,0.5202391743659973,0.4461714029312134,0.4104616343975067,0.48387411236763
72,0.6772071123123169,0.6629929542541504,0.7084634304046631,0.42210614681243896,0.30922168493270874,0.48794466257095337
73,0.8218998908996582,0.524048924446106,0.5084020495414734,0.3307894766330719,0.26268911361694336,0.6700855493545532
74,0.2576659619808197,0.5458343029022217,0.526161253452301,0.25530388951301575,0.6111143827438354,0.7419382929801941
75,0.3127370774745941,0.6204980611801147,0.5428763628005981,0.24312426149845123,0.7123323082923889,0.6665576100349426
76,0.3456675410270691,0.7659764885902405,0.6973527669906616,0.25169387459754944,0.6920304298400879,0.7490580081939697
77,0.24189016222953796,0.5166839957237244,0.5332391858100891,0.28690072894096375,0.5438719987869263,0.6502466201782227
78,0.3092605471611023,0.4572176933288574,0.5824931859970093,0.28395551443099976,0.2616488039493561,0.6450197696685791
79,0.28467532992362976,0.5676296949386597,0.6581919193267822,0.3647018373012543,0.4968055188655853,0.6715784668922424
80,0.4381902515888214,0.635766863822937,0.6906548738479614,0.33683738112449646,0.38497158885002136,0.5505766272544861
81,0.8157157897949219,0.48460742831230164,0.467880517244339,0.3578606843948364,0.36003392934799194,0.5563883185386658
82,0.3241780996322632,0.5653266906738281,0.629056990146637,0.31596750020980835,0.5390370488166809,0.6276126503944397
83,0.4423043131828308,0.6038914322853088,0.5982250571250916,0.3711579144001007,0.4583790600299835,0.7132696509361267
84,0.2661440968513489,0.5191873908042908,0.4579169452190399,0.4225415885448456,0.5133149027824402,0.6351480484008789
85,0.46356749534606934,0.5112888813018799,0.6271554231643677,0.3714633584022522,0.25422435998916626,0.5066704750061035
86,0.39954331517219543,0.6002470850944519,0.7085158228874207,0.4267647862434387,0.4134717881679535,0.5862243175506592
87,0.6866461038589478,0.5850110054016113,0.5788209438323975,0.3515656888484955,0.3976585865020752,0.6271767616271973
88,0.4076969623565674,0.6461423635482788,0.6056964993476868,0.2532416582107544,0.5749407410621643,0.7642426490783691
89,0.40447691082954407,0.4778509736061096,0.5236114859580994,0.35804131627082825,0.30840545892715454,0.6167570948600769
90,0.2680245637893677,0.5198780298233032,0.5474943518638611,0.31330782175064087,0.4350385069847107,0.6517465114593506
91,0.27940505743026733,0.46623116731643677,0.5358916521072388,0.3451322019100189,0.38280561566352844,0.6662179231643677
92,0.5251489877700806,0.5451017618179321,0.6878136396408081,0.42869535088539124,0.3159557282924652,0.4324865937232971
93,0.300601065158844,0.4852846562862396,0.5313186049461365,0.3347843587398529,0.4262525737285614,0.6468116641044617
94,0.3709637224674225,0.6290965676307678,0.6633625626564026,0.41959795355796814,0.484745591878891,0.6360384225845337
95,0.4910487234592438,0.6087079048156738,0.5910943746566772,0.25161290168762207,0.40264567732810974,0.7114433646202087
96,0.4407655894756317,0.6289030909538269,0.7086516618728638,0.3611605763435364,0.25987762212753296,0.6029849648475647
97,0.48308953642845154,0.5444114804267883,0.6590855121612549,0.5396265387535095,0.41811707615852356,0.48681265115737915
98,0.3104751706123352,0.5279101133346558,0.5549595355987549,0.3037795424461365,0.4493260085582733,0.6255069971084595
99,0.439959853887558,0.5367308259010315,0.6605539321899414,0.41273343563079834,0.2551579177379608,0.5015884637832642
100,0.2011190801858902,0.5556259751319885,0.5745081305503845,0.3741671144962311,0.5290077924728394,0.753633439540863
101,0.3085325062274933,0.7104079723358154,0.6078218817710876,0.20113936066627502,0.6748349070549011,0.6230236887931824
102,0.8228616118431091,0.5178398489952087,0.6447691917419434,0.33849993348121643,0.16063565015792847,0.4523121118545532
103,0.26403728127479553,0.5088722109794617,0.522726833820343,0.3723217248916626,0.5184223651885986,0.6135546565055847
104,0.47421762347221375,0.5616872906684875,0.5904613733291626,0.3187083899974823,0.39022520184516907,0.5947197675704956
105,0.2558514475822449,0.6938201785087585,0.6326100826263428,0.21280831098556519,0.6401447653770447,0.7238574624061584
106,0.22604817152023315,0.4288772940635681,0.4920470118522644,0.29771187901496887,0.24367795884609222,0.6581180691719055
107,0.2697395086288452,0.6110362410545349,0.560901403427124,0.3780367970466614,0.5702683925628662,0.664401650428772
108,0.565601646900177,0.590038001537323,0.6495947241783142,0.31952202320098877,0.2791171967983246,0.5803447365760803
109,0.6020331978797913,0.4868406355381012,0.4965071976184845,0.3355826139450073,0.3460976481437683,0.6546723246574402
110,0.30555951595306396,0.5251061916351318,0.6680214405059814,0.4313206970691681,0.4693855941295624,0.578683614730835
111,0.2991580367088318,0.5736944079399109,0.5571944117546082,0.379726380109787,0.47411954402923584,0.6031103730201721
112,0.28849586844444275,0.41614222526550293,0.5260102152824402,0.3127081096172333,0.2859225571155548,0.7283537983894348
113,0.6275508403778076,0.5345579981803894,0.6340919137001038,0.30801889300346375,0.2610982358455658,0.5980737805366516
114,0.4652429521083832,0.5713201761245728,0.5223918557167053,0.2429475039243698,0.5762333273887634,0.6232701539993286
115,0.44483470916748047,0.5787948369979858,0.6189513802528381,0.2852357029914856,0.5487655997276306,0.6043561100959778
116,0.568711519241333,0.628265380859375,0.6205512881278992,0.27509719133377075,0.4292594790458679,0.699160635471344
117,0.3329053819179535,0.4950134754180908,0.5978600382804871,0.4956643283367157,0.18422313034534454,0.48523616790771484
118,0.4046570956707001,0.5762402415275574,0.6535316705703735,0.3982345461845398,0.4297308027744293,0.5520628690719604
119,0.47343766689300537,0.6863263249397278,0.5357423424720764,0.28516560792922974,0.7305119633674622,0.6734210848808289
120,0.7366871237754822,0.4413257837295532,0.4351014196872711,0.2971526086330414,0.21381939947605133,0.44256144762039185
121,0.36941561102867126,0.5315012335777283,0.5527518391609192,0.4583917558193207,0.3874959349632263,0.5012003183364868
122,0.49056723713874817,0.52913898229599,0.5885974764823914,0.25309643149375916,0.3399955928325653,0.5861555337905884
123,0.5335673689842224,0.5498911142349243,0.6214198470115662,0.2670741081237793,0.3138465881347656,0.6341608166694641
124,0.28485339879989624,0.5395914912223816,0.5617958307266235,0.3099191188812256,0.45138242840766907,0.5852710008621216
125,0.3443082273006439,0.6007547974586487,0.53841233253479,0.415266752243042,0.4465196132659912,0.6693545579910278
126,0.2538648545742035,0.5752376317977905,0.5071585774421692,0.3840792775154114,0.523334801197052,0.7377634048461914
127,0.29876959323883057,0.5585852265357971,0.5680751800537109,0.20091286301612854,0.6302297711372375,0.6437413692474365
128,0.2970998287200928,0.5144239664077759,0.599370539188385,0.37461021542549133,0.3826511800289154,0.6770944595336914
129,0.21002718806266785,0.5329736471176147,0.5046380162239075,0.36096739768981934,0.44441649317741394,0.7115339040756226
130,0.38297659158706665,0.48660367727279663,0.46107110381126404,0.292552649974823,0.48756957054138184,0.5949344038963318
131,0.3405067026615143,0.5532834529876709,0.6043592095375061,0.37796080112457275,0.4335727095603943,0.6168465614318848
132,0.37629732489585876,0.5421237349510193,0.5921037793159485,0.3629683256149292,0.48125511407852173,0.6868166923522949
133,0.40332871675491333,0.5323693752288818,0.5952461957931519,0.41148021817207336,0.28903597593307495,0.46475088596343994
134,0.6138554811477661,0.4977136552333832,0.5186905860900879,0.1986280381679535,0.3472282588481903,0.5462338924407959
135,0.3285790979862213,0.5007718205451965,0.6268417239189148,0.5096900463104248,0.17545442283153534,0.4265177845954895
136,0.2568970024585724,0.47372299432754517,0.5440360903739929,0.3355178236961365,0.4469127953052521,0.721156120300293
137,0.3201944828033447,0.33287131786346436,0.3883773982524872,0.38606980443000793,0.24226737022399902,0.6564209461212158
138,0.6370367407798767,0.5410110354423523,0.49379733204841614,0.43038827180862427,0.28748762607574463,0.6867063641548157
139,0.31174078583717346,0.47813680768013,0.45568588376045227,0.30725541710853577,0.34700459241867065,0.6433529257774353
140,0.3187631368637085,0.5184201002120972,0.4917357563972473,0.36918744444847107,0.6371535658836365,0.6124306321144104
141,0.3971334397792816,0.3931554853916168,0.6730111241340637,0.4624049961566925,0.1971326619386673,0.45448583364486694
142,0.7271481156349182,0.550575315952301,0.6091198921203613,0.30202093720436096,0.3476702868938446,0.6178255081176758
143,0.6362650394439697,0.5666158199310303,0.6827709674835205,0.37215861678123474,0.35133782029151917,0.5941840410232544
144,0.3597228229045868,0.4541952610015869,0.5656032562255859,0.30839458107948303,0.5234977602958679,0.6310241222381592
145,0.7181012034416199,0.4946533739566803,0.5230028629302979,0.26617079973220825,0.3172709047794342,0.6715899705886841
146,0.6401685476303101,0.5937442183494568,0.5469874143600464,0.2155107855796814,0.48914363980293274,0.6637977361679077
147,0.29962146282196045,0.6453545689582825,0.6253269910812378,0.34864261746406555,0.4410109519958496,0.6944997906684875
148,0.21577098965644836,0.51837557554245,0.5445303320884705,0.2955609858036041,0.26163533329963684,0.6293104887008667
149,0.37574127316474915,0.5686067938804626,0.5838524103164673,0.41529378294944763,0.33083614706993103,0.6949406862258911
150,0.3362395465373993,0.5469257831573486,0.5649905204772949,0.32748132944107056,0.33910369873046875,0.6867190599441528
151,0.3940232992172241,0.5406593084335327,0.5708853602409363,0.4303131699562073,0.4620596468448639,0.5871977806091309
152,0.21571236848831177,0.4325413405895233,0.4875480830669403,0.3992733061313629,0.26177024841308594,0.5400024056434631
153,0.6698631048202515,0.48776304721832275,0.4510006606578827,0.25300833582878113,0.2679577171802521,0.6717321276664734
154,0.7014077305793762,0.555584192276001,0.6113921403884888,0.26225364208221436,0.31080344319343567,0.6534589529037476
155,0.5812042355537415,0.4663662910461426,0.5629720687866211,0.2169802188873291,0.3066641390323639,0.6335891485214233
156,0.2549613416194916,0.6110643744468689,0.7620828747749329,0.3386579155921936,0.4129379391670227,0.6572652459144592
157,0.4891282021999359,0.5345445275306702,0.6452967524528503,0.4353644847869873,0.1985035538673401,0.38533157110214233
158,0.1716974526643753,0.7153235077857971,0.8342869281768799,0.21122758090496063,0.2780434787273407,0.7432692050933838
159,0.22856642305850983,0.42584821581840515,0.5719072222709656,0.33401456475257874,0.37489446997642517,0.7487693428993225
160,0.15963436663150787,0.5474823117256165,0.5869022011756897,0.2977491617202759,0.26542362570762634,0.7812930345535278
161,0.4818282723426819,0.6641713380813599,0.7228481769561768,0.3922872543334961,0.33620351552963257,0.6663640737533569
162,0.5370169281959534,0.724759578704834,0.7794635891914368,0.42808249592781067,0.22903339564800262,0.47481590509414673
163,0.4179915189743042,0.7830235362052917,0.7560150027275085,0.5074981451034546,0.5179202556610107,0.5895518064498901
164,0.3871826231479645,0.8399617075920105,0.7595399618148804,0.5139299035072327,0.5884376764297485,0.6614356637001038
165,0.17531009018421173,0.6410896182060242,0.7411776185035706,0.37128549814224243,0.33392220735549927,0.6929781436920166
166,0.6564945578575134,0.6374030113220215,0.7120708227157593,0.2682746648788452,0.3139733076095581,0.5212065577507019
167,0.21324193477630615,0.5752540826797485,0.7418617606163025,0.34972241520881653,0.3582894802093506,0.7419990301132202
168,0.23178377747535706,0.5287942886352539,0.564659595489502,0.27224645018577576,0.18915168941020966,0.7426217794418335
169,0.2575024664402008,0.5986977219581604,0.6712864637374878,0.312959223985672,0.4599474370479584,0.6866052746772766
170,0.36643052101135254,0.6166442036628723,0.7091864347457886,0.22012051939964294,0.37054726481437683,0.7527006268501282
171,0.3715876638889313,0.5252958536148071,0.7164293527603149,0.38082197308540344,0.2861396372318268,0.6634812951087952
172,0.6028617024421692,0.7016412615776062,0.6976665258407593,0.23683515191078186,0.3629586398601532,0.7901535034179688
173,0.16816388070583344,0.7597264051437378,0.6868992447853088,0.33772099018096924,0.4156045913696289,0.7087752223014832
174,0.414313405752182,0.42746374011039734,0.3841083347797394,0.27816396951675415,0.3358743190765381,0.7747128009796143
175,0.2891331911087036,0.49587252736091614,0.5820714235305786,0.5129199028015137,0.3093093931674957,0.6464160680770874
176,0.16979090869426727,0.5811118483543396,0.6009149551391602,0.3670535683631897,0.5874230861663818,0.740697979927063
177,0.38691389560699463,0.5749881863594055,0.7441685199737549,0.20170599222183228,0.32971203327178955,0.6603232026100159
178,0.5876473784446716,0.7193674445152283,0.7146546244621277,0.30954205989837646,0.6863688826560974,0.6279654502868652
179,0.5550841689109802,0.8744726777076721,0.7258726358413696,0.2351263463497162,0.5302897095680237,0.6708770394325256
180,0.15485039353370667,0.4183628559112549,0.4806594252586365,0.3037356436252594,0.5066112875938416,0.6965981125831604
181,0.31931838393211365,0.6851057410240173,0.7879959344863892,0.4387225806713104,0.4524962604045868,0.6674631834030151
182,0.18991497159004211,0.3730780780315399,0.6023346185684204,0.21153858304023743,0.1437963843345642,0.6951093673706055
183,0.6327845454216003,0.4716888666152954,0.8492776155471802,0.17417170107364655,0.14863446354866028,0.7690382599830627
184,0.28630873560905457,0.4598987400531769,0.6386561393737793,0.24563482403755188,0.25571268796920776,0.7923299074172974
185,0.20356020331382751,0.5627859234809875,0.633586585521698,0.31136295199394226,0.4942675232887268,0.6905297636985779
186,0.12602801620960236,0.5654385089874268,0.7300691604614258,0.4253157377243042,0.4072747826576233,0.7273378372192383
187,0.7316765785217285,0.6703060865402222,0.7487589716911316,0.21724539995193481,0.2151370495557785,0.502488911151886
188,0.8759534955024719,0.6037731170654297,0.7175436615943909,0.24672575294971466,0.18005479872226715,0.5740448236465454
189,0.2722644805908203,0.6766478419303894,0.6064634919166565,0.3379867374897003,0.5588511228561401,0.7416751980781555
190,0.20981289446353912,0.6597385406494141,0.6445007920265198,0.340206503868103,0.5979595184326172,0.6975200772285461
191,0.22793938219547272,0.5141026973724365,0.5096390247344971,0.30596837401390076,0.4125368595123291,0.6627990007400513
192,0.2439223974943161,0.6540586352348328,0.6423269510269165,0.2898557186126709,0.4701356887817383,0.7736034989356995
193,0.3723880350589752,0.592676043510437,0.751815676689148,0.44415006041526794,0.3567277789115906,0.5673056840896606
194,0.27692991495132446,0.6779615879058838,0.7242886424064636,0.34753522276878357,0.4188903868198395,0.7054652571678162
195,0.49412116408348083,0.48563456535339355,0.7334340810775757,0.3524305522441864,0.07594124972820282,0.42457348108291626
196,0.8128162026405334,0.6405130624771118,0.6328840255737305,0.21247662603855133,0.36635705828666687,0.7240632772445679
197,0.3638438582420349,0.6205818057060242,0.6976397633552551,0.45432066917419434,0.41756153106689453,0.7625111937522888
198,0.12155699729919434,0.2939528822898865,0.5836572051048279,0.30393949151039124,0.19809773564338684,0.6154475808143616
199,0.551413357257843,0.6289924383163452,0.6566449403762817,0.2995567321777344,0.3884727954864502,0.6813368201255798
200,0.21050512790679932,0.4844152331352234,0.6154584288597107,0.3488263189792633,0.7265719175338745,0.6486021876335144
201,0.2918938994407654,0.6590015888214111,0.625816285610199,0.4242786169052124,0.5815032124519348,0.8122530579566956
202,0.3955115079879761,0.7387471795082092,0.7023394107818604,0.4334552586078644,0.6265299320220947,0.7082589864730835
203,0.16746340692043304,0.8306100368499756,0.7340019345283508,0.41360652446746826,0.4474877715110779,0.7125385403633118
204,0.3857560455799103,0.6694318056106567,0.6649576425552368,0.5106365084648132,0.4822182059288025,0.5556797981262207
205,0.1164359301328659,0.516224205493927,0.47439339756965637,0.25594401359558105,0.39580193161964417,0.8123019933700562
206,0.23612867295742035,0.5649218559265137,0.5751770734786987,0.464494526386261,0.3017135560512543,0.648078978061676
207,0.4993208050727844,0.7222391963005066,0.676500678062439,0.2462449073791504,0.5214840173721313,0.7890127897262573
208,0.2589972913265228,0.42606860399246216,0.4514979422092438,0.3077384829521179,0.43636277318000793,0.7070115804672241
209,0.37755268812179565,0.6828875541687012,0.6645398736000061,0.26679277420043945,0.5217686891555786,0.6905697584152222
210,0.26966890692710876,0.6488441824913025,0.6462156176567078,0.2386896312236786,0.4957112669944763,0.7782341837882996
211,0.2684594988822937,0.6357158422470093,0.6911859512329102,0.3990476727485657,0.5640169978141785,0.6734405159950256
212,0.19587241113185883,0.5982279181480408,0.553440272808075,0.26841050386428833,0.5250481963157654,0.8201135396957397
213,0.47652024030685425,0.6509590744972229,0.669446587562561,0.3327988088130951,0.5612477660179138,0.7065141201019287
214,0.6688841581344604,0.6175996661186218,0.6451126337051392,0.24432148039340973,0.4337085783481598,0.6844947338104248
215,0.19531595706939697,0.6337572932243347,0.6106112599372864,0.3913927376270294,0.48181813955307007,0.6856797933578491
216,0.4521934390068054,0.6202011108398438,0.6412367224693298,0.3834618926048279,0.23279277980327606,0.6111544370651245
217,0.49810221791267395,0.638900101184845,0.6749927401542664,0.33820754289627075,0.42965590953826904,0.5390386581420898
218,0.6385800242424011,0.5905690789222717,0.6632785201072693,0.24280326068401337,0.41024717688560486,0.4706496596336365
219,0.32648342847824097,0.6714362502098083,0.5896204113960266,0.18979957699775696,0.6634001135826111,0.7854056358337402
220,0.3735329210758209,0.7370328307151794,0.7061887383460999,0.39938783645629883,0.3890537917613983,0.6275879144668579
221,0.15496090054512024,0.4955824315547943,0.6008192300796509,0.4302655756473541,0.4047735333442688,0.45958206057548523
222,0.25112417340278625,0.5889687538146973,0.7065576314926147,0.23491442203521729,0.5534104108810425,0.6982674598693848
223,0.3168649673461914,0.5931242108345032,0.7613776922225952,0.5522277355194092,0.23667295277118683,0.49207720160484314
224,0.19650010764598846,0.41153982281684875,0.5775327086448669,0.360413521528244,0.23072539269924164,0.5507211089134216
225,0.16001012921333313,0.47305625677108765,0.6684356927871704,0.30474725365638733,0.25988250970840454,0.6072961688041687
226,0.20605598390102386,0.6212059855461121,0.6604188680648804,0.24287910759449005,0.7925337553024292,0.7493835091590881
227,0.6109144687652588,0.900574266910553,0.9070984721183777,0.3209323585033417,0.3653623163700104,0.7067028284072876
228,0.19598029553890228,0.5699252486228943,0.652394711971283,0.36794111132621765,0.43522727489471436,0.691005289554596
229,0.22109006345272064,0.2964371144771576,0.6681147813796997,0.3689969480037689,0.12799236178398132,0.7563111782073975
230,0.3587106466293335,0.50812828540802,0.7388634085655212,0.40434253215789795,0.1462281495332718,0.6560388803482056
231,0.41990038752555847,0.6512108445167542,0.6023236513137817,0.26849162578582764,0.35829851031303406,0.762556254863739
232,0.8293372988700867,0.5738722681999207,0.7147843837738037,0.3308107554912567,0.1613834798336029,0.5801728963851929
233,0.48961034417152405,0.5545588731765747,0.7105637788772583,0.3554242253303528,0.32072409987449646,0.753957986831665
234,0.2148236781358719,0.5907583832740784,0.7031145095825195,0.43720191717147827,0.47043803334236145,0.731368362903595
235,0.27238816022872925,0.5107561349868774,0.6467701196670532,0.3645787239074707,0.3962111175060272,0.5970556735992432
236,0.7936925292015076,0.7441592216491699,0.7493730187416077,0.3499431312084198,0.4327861964702606,0.6585478186607361
237,0.7804777026176453,0.45739373564720154,0.5358732342720032,0.21573783457279205,0.1266975849866867,0.6956682205200195
238,0.34112682938575745,0.44247210025787354,0.6784687042236328,0.4229623079299927,0.2389957308769226,0.42663630843162537
239,0.6278486251831055,0.6519078016281128,0.6875001192092896,0.3289903700351715,0.445278137922287,0.5188475847244263
240,0.16686637699604034,0.4209248125553131,0.4358177185058594,0.3934897184371948,0.21926476061344147,0.6471307873725891
241,0.46299928426742554,0.7160152792930603,0.7072809934616089,0.4011349380016327,0.3334357440471649,0.5180907845497131
242,0.3870822787284851,0.5958877205848694,0.5432550311088562,0.34020674228668213,0.6219485998153687,0.6731818914413452
243,0.6537591218948364,0.6077466607093811,0.6853461265563965,0.31768131256103516,0.3497263789176941,0.7907803654670715
244,0.7531477808952332,0.539531946182251,0.6134312748908997,0.24764221906661987,0.24087829887866974,0.527021586894989
245,0.3228531777858734,0.49196121096611023,0.5807603597640991,0.3885766267776489,0.49834105372428894,0.8369755744934082
246,0.2932837903499603,0.7069340348243713,0.7169250249862671,0.21292909979820251,0.6997671127319336,0.7827786207199097
247,0.3153362274169922,0.8459531664848328,0.7291445136070251,0.32846346497535706,0.3880423903465271,0.7355427145957947
248,0.8446712493896484,0.5918433666229248,0.8280028104782104,0.5292823314666748,0.1055736392736435,0.47925394773483276
249,0.1794559806585312,0.4319654703140259,0.5390501618385315,0.4919551908969879,0.4832299053668976,0.7744168639183044
250,0.2720950245857239,0.4615556001663208,0.5568364262580872,0.2523311972618103,0.3176657259464264,0.8089886903762817
251,0.45596593618392944,0.6166943907737732,0.7346906661987305,0.2310366928577423,0.6911709308624268,0.7203218340873718
252,0.22523434460163116,0.45791923999786377,0.6689746379852295,0.4420698583126068,0.17713811993598938,0.6001362800598145
253,0.3078906238079071,0.6885581612586975,0.8151664733886719,0.42996248602867126,0.5479049682617188,0.6806313395500183
254,0.24623684585094452,0.5892862677574158,0.7493943572044373,0.37877872586250305,0.4701419472694397,0.6002696752548218
255,0.7699267268180847,0.5404747128486633,0.6961192488670349,0.21880300343036652,0.18375509977340698,0.6050201058387756
256,0.42981868982315063,0.6765637397766113,0.5610328912734985,0.27008041739463806,0.5088441371917725,0.8198107481002808
257,0.29423362016677856,0.41710788011550903,0.5785155892372131,0.196024551987648,0.23952992260456085,0.6738795042037964
258,0.5162047147750854,0.6541334986686707,0.8149723410606384,0.3399442732334137,0.39835137128829956,0.6162900328636169
259,0.3675849139690399,0.6666916608810425,0.7036709189414978,0.2298935055732727,0.5008072853088379,0.6396474242210388
260,0.30098235607147217,0.731372594833374,0.7750199437141418,0.39456707239151,0.25320422649383545,0.5730250477790833
261,0.5453113913536072,0.8490475416183472,0.77970951795578,0.3479624092578888,0.4832603931427002,0.6762413382530212
262,0.25859391689300537,0.7687252759933472,0.6110367774963379,0.3817130923271179,0.5083715915679932,0.799399733543396
263,0.6181187033653259,0.6137598752975464,0.7204122543334961,0.42100635170936584,0.30554988980293274,0.7242811322212219
264,0.42698487639427185,0.5736794471740723,0.6981379985809326,0.2721337378025055,0.2615659534931183,0.6081126928329468
265,0.740289032459259,0.7074011564254761,0.7901793718338013,0.37089353799819946,0.34155720472335815,0.5828754305839539
266,0.5320785641670227,0.5995780229568481,0.6938117146492004,0.20957587659358978,0.29989194869995117,0.7617045640945435
267,0.1443246603012085,0.3177911937236786,0.7112104892730713,0.5430328249931335,0.08846449106931686,0.4806560277938843
268,0.23192954063415527,0.5113542079925537,0.7024358510971069,0.4499499797821045,0.44087615609169006,0.7555520534515381
269,0.3489804267883301,0.583224892616272,0.5304405689239502,0.33340343832969666,0.4305247366428375,0.6924340724945068
270,0.2361866682767868,0.5815619230270386,0.5616921186447144,0.38312649726867676,0.7188526391983032,0.7393818497657776
271,0.7979298233985901,0.5315074920654297,0.6716687679290771,0.30446040630340576,0.18311507999897003,0.5131319165229797
272,0.2823273837566376,0.7321313619613647,0.7931289672851562,0.4808831512928009,0.42453300952911377,0.6475272178649902
273,0.19159092009067535,0.4166279733181,0.5571848750114441,0.3278111219406128,0.21260659396648407,0.6409513354301453
274,0.20493537187576294,0.529004693031311,0.5710321068763733,0.35750052332878113,0.5632665753364563,0.6629651784896851
275,0.26407915353775024,0.5488761067390442,0.5875648260116577,0.2738558351993561,0.4436063766479492,0.7224745154380798
276,0.6941522359848022,0.6391321420669556,0.7010577917098999,0.29181376099586487,0.29193466901779175,0.5125303268432617
277,0.2674734592437744,0.6426706910133362,0.5571805238723755,0.17798633873462677,0.7694989442825317,0.7401549220085144
278,0.4843149185180664,0.6208129525184631,0.6304714679718018,0.37529075145721436,0.40284132957458496,0.7013455629348755
279,0.28326496481895447,0.717714786529541,0.7924743890762329,0.4197557270526886,0.3061757981777191,0.6139228343963623
280,0.18596585094928741,0.5773635506629944,0.682146430015564,0.4816667437553406,0.5447693467140198,0.7368839383125305
281,0.2035655975341797,0.5846580266952515,0.7052074670791626,0.27040761709213257,0.396419882774353,0.705116868019104
282,0.8761188387870789,0.42997926473617554,0.6454461812973022,0.18559741973876953,0.19958072900772095,0.527478814125061
283,0.1622755527496338,0.41125836968421936,0.3773994445800781,0.18912696838378906,0.644421398639679,0.8593373894691467
284,0.5955609083175659,0.5362102389335632,0.6534572839736938,0.2793770730495453,0.2954162657260895,0.6471573114395142
285,0.21829625964164734,0.5673467516899109,0.6337181925773621,0.3923168182373047,0.43165260553359985,0.6614090204238892
286,0.23678211867809296,0.43817758560180664,0.6258893609046936,0.29844799637794495,0.3721788227558136,0.695439875125885
287,0.4218117892742157,0.5489396452903748,0.5409368276596069,0.4906802177429199,0.2796422839164734,0.7002939581871033
288,0.2885158658027649,0.6972519755363464,0.7588042616844177,0.4683607518672943,0.3654787242412567,0.6175381541252136
289,0.4738963842391968,0.7392401099205017,0.8199160099029541,0.2927544414997101,0.4276474714279175,0.5866485834121704
290,0.3747192919254303,0.48386016488075256,0.5386995673179626,0.22450172901153564,0.3173682689666748,0.5977981090545654
291,0.8485695123672485,0.394178181886673,0.41758406162261963,0.331381231546402,0.1822587251663208,0.8211250901222229
292,0.2785899043083191,0.616007924079895,0.7571592330932617,0.479062557220459,0.3707338571548462,0.6451536417007446
293,0.43406450748443604,0.5279662013053894,0.7010868191719055,0.2105834186077118,0.2322309911251068,0.5191912055015564
294,0.2994179129600525,0.4240822196006775,0.6753863096237183,0.4027937948703766,0.17945687472820282,0.4606510400772095
295,0.4979250133037567,0.6111015677452087,0.643012523651123,0.10093280673027039,0.10716498643159866,0.4108755588531494
296,0.36164748668670654,0.757103443145752,0.715681254863739,0.10903429985046387,0.1904655396938324,0.5464743971824646
297,0.31572383642196655,0.41487613320350647,0.7163194417953491,0.2543667256832123,0.23031260073184967,0.6640756726264954
298,0.34245362877845764,0.6903782486915588,0.8299286365509033,0.2389504313468933,0.21124200522899628,0.5835097432136536
299,0.32264745235443115,0.7486749291419983,0.8182268738746643,0.2676277458667755,0.279881089925766,0.5413134098052979
300,0.2540442645549774,0.6185815930366516,0.8496947884559631,0.24445223808288574,0.1503547877073288,0.5814763903617859
301,0.5275899171829224,0.5231720805168152,0.7232164144515991,0.31696757674217224,0.21562302112579346,0.5693410038948059
302,0.4052184820175171,0.5300031304359436,0.7250772714614868,0.4417226314544678,0.08072638511657715,0.38041478395462036
303,0.7677432894706726,0.5924229621887207,0.6243805885314941,0.30863872170448303,0.3073556125164032,0.45015838742256165
304,0.20057475566864014,0.5220877528190613,0.7124098539352417,0.46255865693092346,0.19471322000026703,0.5356544256210327
305,0.24784508347511292,0.4960077106952667,0.6956032514572144,0.4525296688079834,0.1464298516511917,0.5540691018104553
306,0.15001343190670013,0.5572739839553833,0.7219861745834351,0.25839051604270935,0.2608773112297058,0.6215527653694153
307,0.2085166871547699,0.3699231445789337,0.6667706370353699,0.3234407603740692,0.1053386703133583,0.5908923745155334
308,0.3566974699497223,0.6770371198654175,0.6840592622756958,0.37986519932746887,0.34155550599098206,0.5310769081115723
309,0.22479590773582458,0.5181595683097839,0.6796860694885254,0.22950604557991028,0.22505177557468414,0.5646050572395325
310,0.43612948060035706,0.5829192996025085,0.6772910952568054,0.30919069051742554,0.3478434383869171,0.6874333620071411
311,0.2557554841041565,0.43501508235931396,0.7072651386260986,0.269886314868927,0.27132055163383484,0.6308085918426514
312,0.15643496811389923,0.5619446039199829,0.7260618209838867,0.34452661871910095,0.22904685139656067,0.6367065906524658
313,0.4900602698326111,0.7773271203041077,0.6583439111709595,0.15378889441490173,0.727526843547821,0.6032427549362183
314,0.13019414246082306,0.4739380478858948,0.6945677995681763,0.30284202098846436,0.1536346822977066,0.5442816019058228
315,0.12474597245454788,0.5991215705871582,0.7426823377609253,0.43760430812835693,0.21792997419834137,0.6638339161872864
316,0.5309800505638123,0.590064287185669,0.6322714686393738,0.23664388060569763,0.5742783546447754,0.6337396502494812
317,0.437808096408844,0.6269927620887756,0.7514126896858215,0.2856403589248657,0.22894637286663055,0.6155199408531189
318,0.2769930958747864,0.7017730474472046,0.7868708372116089,0.33595046401023865,0.11656465381383896,0.5671133995056152
319,0.6529889106750488,0.6325472593307495,0.6324765682220459,0.07279377430677414,0.4394891560077667,0.5683353543281555
320,0.27166441082954407,0.6861807107925415,0.7860859632492065,0.3522929847240448,0.3613130450248718,0.6163825392723083
321,0.4002113342285156,0.4480430781841278,0.6956649422645569,0.4645298719406128,0.14022183418273926,0.44171953201293945
322,0.5859478116035461,0.5832765102386475,0.7102817296981812,0.19648310542106628,0.17923112213611603,0.6027580499649048
323,0.3383736312389374,0.598703920841217,0.5445314049720764,0.19856788218021393,0.6986957788467407,0.7129058241844177
324,0.23791572451591492,0.5111395120620728,0.6936210989952087,0.4934898614883423,0.16485175490379333,0.5456380844116211
325,0.2769334614276886,0.4387222230434418,0.7057326436042786,0.30327108502388,0.27220994234085083,0.48789796233177185
326,0.5875903367996216,0.23963144421577454,0.6336329579353333,0.32268577814102173,0.11714530736207962,0.3126395344734192
327,0.29738280177116394,0.8013016581535339,0.7751973271369934,0.28444704413414,0.37140414118766785,0.5764065384864807
328,0.37730827927589417,0.5729653835296631,0.7040906548500061,0.31659287214279175,0.4112793505191803,0.531147301197052
329,0.6096144318580627,0.47132498025894165,0.7704551815986633,0.41306379437446594,0.1698264479637146,0.38684993982315063
330,0.9176422357559204,0.3832203149795532,0.6867488026618958,0.1375504583120346,0.09031878411769867,0.3720431327819824
331,0.469368577003479,0.6036568880081177,0.6192916035652161,0.3469468653202057,0.6291017532348633,0.7236169576644897
332,0.3581981360912323,0.44173765182495117,0.6642429232597351,0.25892573595046997,0.5738192796707153,0.6085891723632812
333,0.7218314409255981,0.5426491498947144,0.705776572227478,0.17995955049991608,0.13753949105739594,0.635871410369873
334,0.7196817398071289,0.6261661052703857,0.7447353601455688,0.1669553518295288,0.2868293225765228,0.5972260236740112
335,0.5951783657073975,0.7308956384658813,0.8537976145744324,0.22000958025455475,0.23332691192626953,0.4555252194404602
336,0.36202573776245117,0.5821837186813354,0.7826581597328186,0.3999275863170624,0.2762179672718048,0.6216987371444702
337,0.33627814054489136,0.8155231475830078,0.8222503066062927,0.27014273405075073,0.45418936014175415,0.8036382794380188
338,0.6717499494552612,0.5131998658180237,0.6250308752059937,0.35774892568588257,0.14214888215065002,0.6180012226104736
339,0.484123557806015,0.8745989203453064,0.8028802275657654,0.2627077102661133,0.42198315262794495,0.540408194065094
340,0.33236315846443176,0.6173415780067444,0.7850183248519897,0.28673848509788513,0.31325697898864746,0.5513728260993958
341,0.5046332478523254,0.6448015570640564,0.8754031658172607,0.24217765033245087,0.19652611017227173,0.7054154872894287
342,0.3515709936618805,0.8285152316093445,0.8884178996086121,0.19992738962173462,0.23244307935237885,0.6496022939682007
343,0.1886262148618698,0.4304617643356323,0.5777260065078735,0.31204038858413696,0.198113813996315,0.722852349281311
344,0.6923282742500305,0.7108137011528015,0.718535304069519,0.38878583908081055,0.34796223044395447,0.7018671035766602
345,0.7435041666030884,0.46419557929039,0.7345786690711975,0.33211180567741394,0.14581497013568878,0.43870028853416443
346,0.6097704172134399,0.44959306716918945,0.6353022456169128,0.1536720246076584,0.2657150328159332,0.4966793656349182
347,0.5796956419944763,0.5674346685409546,0.6552920341491699,0.1908862441778183,0.2484693080186844,0.747759997844696
348,0.3843679428100586,0.4971545338630676,0.6856059432029724,0.2806563079357147,0.3106626868247986,0.5635494589805603
349,0.6193854808807373,0.6990184187889099,0.7494398951530457,0.26982834935188293,0.3459174931049347,0.6206061244010925
350,0.7619491815567017,0.5539888143539429,0.6341618895530701,0.2164183259010315,0.4007720947265625,0.5197135210037231
351,0.7914019823074341,0.3896338641643524,0.7359852194786072,0.20946770906448364,0.11477582156658173,0.37893328070640564
352,0.28199437260627747,0.5605341792106628,0.5694191455841064,0.2122918963432312,0.6341422200202942,0.6709621548652649
353,0.24493657052516937,0.5262589454650879,0.5314037799835205,0.32913655042648315,0.696246862411499,0.6726081967353821
354,0.4192630648612976,0.5113566517829895,0.8068705201148987,0.4324495196342468,0.1348574012517929,0.43022364377975464
355,0.8430435061454773,0.342706561088562,0.6714580059051514,0.2550071179866791,0.09875193238258362,0.3816017806529999
356,0.7082677483558655,0.6143019199371338,0.7092462182044983,0.34625375270843506,0.33816036581993103,0.7602414488792419
357,0.5018543601036072,0.5832104086875916,0.707567572593689,0.30527999997138977,0.33868899941444397,0.6644601821899414
358,0.4755960702896118,0.7096911072731018,0.7524847388267517,0.35360994935035706,0.3975534439086914,0.7189282774925232
359,0.6341609358787537,0.5949923992156982,0.740013599395752,0.2047923505306244,0.24237221479415894,0.6093226075172424
360,0.4293937385082245,0.5519841909408569,0.759162425994873,0.46913135051727295,0.29001569747924805,0.5646337866783142
361,0.6769140362739563,0.3613320589065552,0.7508990168571472,0.3666321337223053,0.1078517735004425,0.45287784934043884
362,0.3284529745578766,0.7365435361862183,0.8254952430725098,0.40275490283966064,0.41412293910980225,0.6926805377006531
363,0.5869511365890503,0.39582210779190063,0.6265130639076233,0.24289470911026,0.19249765574932098,0.5335753560066223
364,0.1612766683101654,0.5705017447471619,0.7090098857879639,0.5305699706077576,0.12093406915664673,0.6254129409790039
365,0.8557344675064087,0.4636054039001465,0.6633102893829346,0.18213413655757904,0.15585067868232727,0.4491475224494934
366,0.40290042757987976,0.5699504613876343,0.7246519327163696,0.5587024092674255,0.23831512033939362,0.5562231540679932
367,0.6129176020622253,0.5936247706413269,0.6741220355033875,0.3336990177631378,0.386961430311203,0.506869912147522
368,0.903040885925293,0.37542590498924255,0.7487019300460815,0.1410568803548813,0.09795951843261719,0.40351158380508423
369,0.27123361825942993,0.6119217872619629,0.7436786890029907,0.549409031867981,0.15386039018630981,0.4141470193862915
370,0.34825024008750916,0.5769375562667847,0.760532557964325,0.4439181685447693,0.2800333797931671,0.5312218070030212
371,0.39855286478996277,0.4989731013774872,0.7907578349113464,0.3813180923461914,0.11540991812944412,0.504913330078125
372,0.40524378418922424,0.4942561984062195,0.6507987380027771,0.2642587721347809,0.28306663036346436,0.6230270862579346
373,0.7519619464874268,0.6549447178840637,0.6782709956169128,0.3058949112892151,0.35322871804237366,0.7262443900108337
374,0.6873010396957397,0.5810198187828064,0.7312562465667725,0.2045976221561432,0.33233946561813354,0.558516263961792
375,0.20369766652584076,0.550824761390686,0.7096783518791199,0.31562525033950806,0.43040701746940613,0.7424299120903015
376,0.3802526891231537,0.3113245964050293,0.637365460395813,0.2665063440799713,0.12120237946510315,0.42035216093063354
377,0.4982509911060333,0.6210970878601074,0.667868971824646,0.25462356209754944,0.3057648539543152,0.5917426347732544
378,0.4197114109992981,0.11480358242988586,0.5878346562385559,0.08507270365953445,0.03127317503094673,0.42850568890571594
379,0.4819810092449188,0.5680685043334961,0.7577177882194519,0.34105947613716125,0.17295873165130615,0.45606714487075806
380,0.769929826259613,0.5393980741500854,0.6192572712898254,0.2406408041715622,0.2892371714115143,0.4475022852420807
381,0.20735304057598114,0.6674169898033142,0.673487663269043,0.3721333146095276,0.30060917139053345,0.7570280432701111
382,0.1978592574596405,0.49912378191947937,0.6388708353042603,0.3245319426059723,0.39003050327301025,0.7018532752990723
383,0.907716691493988,0.48762866854667664,0.750393271446228,0.22086083889007568,0.13369788229465485,0.45432302355766296
384,0.7510808110237122,0.4402618706226349,0.6548334360122681,0.18431195616722107,0.15505456924438477,0.4006955027580261
385,0.21943366527557373,0.5403440594673157,0.6707983613014221,0.41413092613220215,0.20723018050193787,0.592231810092926
386,0.1767849326133728,0.5555395483970642,0.4667423665523529,0.278316468000412,0.6128538250923157,0.6879600882530212
387,0.39353057742118835,0.5540390014648438,0.6971574425697327,0.3280428349971771,0.46812790632247925,0.6191645264625549
388,0.9340549111366272,0.5114172697067261,0.723311722278595,0.14807376265525818,0.1208576112985611,0.5001649260520935
389,0.19439172744750977,0.432582825422287,0.7017630338668823,0.2600128650665283,0.18204830586910248,0.4560905396938324
390,0.4200126826763153,0.5533985495567322,0.44543424248695374,0.30864065885543823,0.3340274691581726,0.7910013198852539
391,0.4149695634841919,0.5589618682861328,0.8051871061325073,0.3074193000793457,0.2623096704483032,0.5092993378639221
392,0.306072473526001,0.6747372150421143,0.706637978553772,0.37433695793151855,0.519103467464447,0.6120798587799072
393,0.536142885684967,0.7168639302253723,0.8104385733604431,0.29488325119018555,0.3336465656757355,0.5464469194412231
394,0.3972437083721161,0.5806848406791687,0.5364159345626831,0.2715141475200653,0.6539201736450195,0.7512778639793396
395,0.9228922128677368,0.5179141759872437,0.7873026728630066,0.3122292160987854,0.17168688774108887,0.47091594338417053
396,0.767009973526001,0.4993499517440796,0.8585919141769409,0.1745346486568451,0.16315628588199615,0.4957045316696167
397,0.42869052290916443,0.46268969774246216,0.6011789441108704,0.2596327066421509,0.5399589538574219,0.5886560082435608
398,0.514221727848053,0.7046024203300476,0.7968265414237976,0.4399682581424713,0.47244128584861755,0.6239818930625916
399,0.3481859564781189,0.49869316816329956,0.7155038714408875,0.28961804509162903,0.277584969997406,0.609812319278717
400,0.4946554899215698,0.7850025296211243,0.7930917143821716,0.3826989233493805,0.21909789741039276,0.5129532217979431
401,0.6617401838302612,0.5379189252853394,0.7296060919761658,0.3077648878097534,0.3210252523422241,0.4092881381511688
402,0.24541530013084412,0.7772927284240723,0.7035039663314819,0.2986752986907959,0.6654176115989685,0.6992281675338745
403,0.24307172000408173,0.4412887990474701,0.5963603854179382,0.3701198101043701,0.4478459060192108,0.6671574115753174
404,0.7376702427864075,0.5522096157073975,0.7278223037719727,0.22860847413539886,0.2623731791973114,0.6326786875724792
405,0.2475670576095581,0.6661123037338257,0.649806022644043,0.29159969091415405,0.6521521210670471,0.7461883425712585
406,0.5410447716712952,0.6623407006263733,0.778003990650177,0.2215089499950409,0.2531416118144989,0.6380248069763184
407,0.34470081329345703,0.5516583919525146,0.7689614295959473,0.2912995517253876,0.41877874732017517,0.5514114499092102
408,0.2681744694709778,0.7686513662338257,0.625932514667511,0.24348562955856323,0.6090803146362305,0.7366443276405334
409,0.3093937635421753,0.47759899497032166,0.6821328401565552,0.19078703224658966,0.1310730278491974,0.7908840179443359
410,0.7039731740951538,0.4951336979866028,0.6929851770401001,0.3022855222225189,0.19993115961551666,0.4626920521259308
411,0.3787596523761749,0.5349145531654358,0.666033148765564,0.38865935802459717,0.3018195927143097,0.7123055458068848
412,0.7783666253089905,0.6465775370597839,0.8083009719848633,0.4874177575111389,0.28499335050582886,0.519553005695343
413,0.4172900319099426,0.6838831901550293,0.7564271688461304,0.15778987109661102,0.32541725039482117,0.6978563070297241
414,0.45627427101135254,0.5864341855049133,0.7846248745918274,0.15041384100914001,0.2316468060016632,0.7404288649559021
415,0.5709916949272156,0.5767107009887695,0.5951052904129028,0.23456670343875885,0.23270630836486816,0.6941555738449097
416,0.35457777976989746,0.7756086587905884,0.8208341598510742,0.264700323343277,0.18554027378559113,0.43342405557632446
417,0.3582354187965393,0.43955954909324646,0.6722442507743835,0.42476770281791687,0.4816538691520691,0.5872646570205688
418,0.654041051864624,0.693804919719696,0.8269551992416382,0.20786578953266144,0.18964344263076782,0.6034801602363586
419,0.6583857536315918,0.7091008424758911,0.6725071668624878,0.2976768910884857,0.5599952340126038,0.603212833404541
420,0.5523916482925415,0.5579180121421814,0.7655593156814575,0.31227535009384155,0.200447216629982,0.4546014070510864
421,0.9036911129951477,0.4513033926486969,0.6967614889144897,0.28482916951179504,0.07369714230298996,0.554994523525238
422,0.3564848303794861,0.5742906928062439,0.7987083792686462,0.49524009227752686,0.16463379561901093,0.5782080888748169
423,0.1683301329612732,0.5637227892875671,0.6531076431274414,0.33431580662727356,0.2392587661743164,0.6159565448760986
424,0.17727765440940857,0.342464804649353,0.6775748133659363,0.30716317892074585,0.14521154761314392,0.8217964768409729
425,0.2646056115627289,0.7216782569885254,0.6744266748428345,0.21972613036632538,0.7489522695541382,0.6771752238273621
426,0.13828514516353607,0.6033722758293152,0.647538423538208,0.32294172048568726,0.2553690969944,0.6718881726264954
427,0.39329832792282104,0.5301174521446228,0.6322039365768433,0.16414567828178406,0.26310276985168457,0.7377375960350037
428,0.5723837614059448,0.5986413359642029,0.7101733684539795,0.3398836851119995,0.2444615215063095,0.5728866457939148
429,0.2898399829864502,0.6348663568496704,0.7000377774238586,0.4412481188774109,0.5028776526451111,0.6385769844055176
430,0.46861252188682556,0.5632939338684082,0.7323854565620422,0.47988659143447876,0.20072753727436066,0.5214914083480835
431,0.8071329593658447,0.47469645738601685,0.880449116230011,0.2606879770755768,0.14020076394081116,0.44393277168273926
432,0.18559080362319946,0.34378570318222046,0.5448142886161804,0.21513022482395172,0.23497657477855682,0.7988626956939697
433,0.36545056104660034,0.49301937222480774,0.7846847772598267,0.4977855086326599,0.20264768600463867,0.4125216603279114
434,0.2881179451942444,0.4699663519859314,0.7233545780181885,0.3492848873138428,0.23393142223358154,0.6502703428268433
435,0.16135650873184204,0.5686966776847839,0.760412871837616,0.3337451219558716,0.1980583816766739,0.6789882183074951
436,0.17235484719276428,0.45054149627685547,0.6747888922691345,0.29051539301872253,0.3885979652404785,0.7046088576316833
437,0.4839427173137665,0.6370730400085449,0.7900077104568481,0.5463765263557434,0.3552345037460327,0.5093619227409363
438,0.16608358919620514,0.49164897203445435,0.6474699378013611,0.2918080687522888,0.2719680964946747,0.5925489664077759
439,0.3142469823360443,0.5797497630119324,0.6446768641471863,0.34877967834472656,0.49304455518722534,0.6914451718330383
440,0.4881485402584076,0.6288579106330872,0.6852064728736877,0.16210293769836426,0.291456937789917,0.7118651866912842
441,0.6151629090309143,0.7639586329460144,0.6699605584144592,0.20225007832050323,0.3625243902206421,0.6089704632759094
442,0.7174645662307739,0.6295604109764099,0.7561837434768677,0.43236541748046875,0.1372663825750351,0.43702927231788635
443,0.23575708270072937,0.5147705078125,0.7557492256164551,0.337030827999115,0.3123117685317993,0.6613831520080566
444,0.38898083567619324,0.47653159499168396,0.764272153377533,0.38154810667037964,0.09350667893886566,0.48880818486213684
445,0.13267362117767334,0.8169395923614502,0.755436897277832,0.3479507863521576,0.26378560066223145,0.7233131527900696
446,0.21106217801570892,0.4839659631252289,0.7523038387298584,0.2957398593425751,0.240299791097641,0.6038122177124023
447,0.311165452003479,0.31894221901893616,0.684542179107666,0.34945812821388245,0.18893836438655853,0.48363855481147766
448,0.2640230059623718,0.528376579284668,0.7136508226394653,0.19220812618732452,0.21230663359165192,0.6365573406219482
449,0.16172687709331512,0.6627024412155151,0.6966916918754578,0.27001142501831055,0.3133757710456848,0.7262737154960632
450,0.16135525703430176,0.6041755080223083,0.6761796474456787,0.3249894380569458,0.19894394278526306,0.5797172784805298
451,0.3262213468551636,0.7245772480964661,0.8133376836776733,0.1298588663339615,0.32134178280830383,0.6829341650009155
452,0.615848958492279,0.7471637725830078,0.7996129989624023,0.16212084889411926,0.3598255515098572,0.6618029475212097
453,0.6720145344734192,0.5647004246711731,0.6287105083465576,0.17160847783088684,0.3327844738960266,0.6859573721885681
454,0.3179912269115448,0.5085187554359436,0.7348535060882568,0.25121670961380005,0.23453351855278015,0.6362670063972473
455,0.4547131657600403,0.513145387172699,0.8117862343788147,0.2898416221141815,0.15330033004283905,0.5089466571807861
456,0.1513361781835556,0.6059226393699646,0.8100304007530212,0.5326289534568787,0.09088277071714401,0.5798994302749634
457,0.14081133902072906,0.5476297736167908,0.6331247091293335,0.37419530749320984,0.5625270009040833,0.6490718722343445
458,0.2931278645992279,0.5198585391044617,0.6817123293876648,0.24169331789016724,0.2802311182022095,0.6311213970184326
459,0.2669231593608856,0.6756526827812195,0.7230750918388367,0.3208140432834625,0.36522015929222107,0.5800930261611938
460,0.7163076400756836,0.5198308825492859,0.7883006930351257,0.40367209911346436,0.14818228781223297,0.44013920426368713
461,0.22330619394779205,0.6717028617858887,0.7738655209541321,0.2914622128009796,0.37640634179115295,0.7431058287620544
462,0.23851503431797028,0.5506452322006226,0.6739799976348877,0.25558459758758545,0.1823941022157669,0.6871054172515869
463,0.31383460760116577,0.44743412733078003,0.7062132954597473,0.24238726496696472,0.17615237832069397,0.5726063251495361
464,0.3691900372505188,0.5074015855789185,0.7547959089279175,0.24276015162467957,0.1904267817735672,0.47461408376693726
465,0.5637822151184082,0.6291945576667786,0.5843465328216553,0.23140352964401245,0.36866024136543274,0.8234260082244873
466,0.26483026146888733,0.7510817646980286,0.8242226839065552,0.4455210268497467,0.17591096460819244,0.40898823738098145
467,0.3809084892272949,0.5584195852279663,0.7814130783081055,0.4065204858779907,0.24317336082458496,0.5577287673950195
468,0.3756079375743866,0.7979762554168701,0.7854945063591003,0.2434554249048233,0.2750166058540344,0.5447912812232971
469,0.431684285402298,0.5753980875015259,0.7534008622169495,0.33671116828918457,0.20078763365745544,0.6597048044204712
470,0.38925856351852417,0.4753223955631256,0.6883792281150818,0.44857463240623474,0.18810932338237762,0.5620505213737488
471,0.22805596888065338,0.3951643109321594,0.7683882713317871,0.575137734413147,0.04555613547563553,0.19684626162052155
472,0.4086040258407593,0.6901236176490784,0.8073431253433228,0.18800979852676392,0.334296852350235,0.6224576234817505
473,0.5857270359992981,0.5911643505096436,0.7509593367576599,0.18848440051078796,0.35733509063720703,0.5636913180351257
474,0.20772288739681244,0.5651151537895203,0.8014934062957764,0.4605053961277008,0.17613905668258667,0.6484379768371582
475,0.8066384792327881,0.560234785079956,0.7164932489395142,0.08809979259967804,0.17611318826675415,0.46555712819099426
476,0.14592568576335907,0.6227290630340576,0.6848974823951721,0.22941192984580994,0.4844910502433777,0.7298880815505981
477,0.19483637809753418,0.28350988030433655,0.6543861031532288,0.3355337977409363,0.16032344102859497,0.7610775232315063
478,0.4880025386810303,0.36793574690818787,0.6398977041244507,0.31164076924324036,0.12003812193870544,0.2658720016479492
479,0.4658508598804474,0.7028412818908691,0.8163251876831055,0.3096456229686737,0.19350996613502502,0.5889238715171814
480,0.3149723708629608,0.8091583251953125,0.7611460089683533,0.2119479477405548,0.21826766431331635,0.6715716123580933
481,0.6393275260925293,0.4357902705669403,0.7270757555961609,0.3318532109260559,0.071647509932518,0.4367449879646301
482,0.6400995254516602,0.5006789565086365,0.6320236921310425,0.14047546684741974,0.3518763482570648,0.5109180212020874
483,0.24110297858715057,0.3328579068183899,0.6652476191520691,0.30439484119415283,0.10654265433549881,0.2905786335468292
484,0.1776982992887497,0.6946575045585632,0.7961443066596985,0.2149030566215515,0.5873820781707764,0.6977750062942505
485,0.37991422414779663,0.5894777178764343,0.6927569508552551,0.22788308560848236,0.13375228643417358,0.7961384654045105
486,0.19805623590946198,0.4983791708946228,0.7139349579811096,0.19481059908866882,0.30691036581993103,0.7499517798423767
487,0.6953989267349243,0.6359102725982666,0.6690160036087036,0.0966087058186531,0.5158277153968811,0.6606181859970093
488,0.18006931245326996,0.677743136882782,0.8779398798942566,0.1208018958568573,0.5366917252540588,0.8037886619567871
489,0.42111262679100037,0.5811792612075806,0.829750657081604,0.32471928000450134,0.1719590574502945,0.5767177939414978
490,0.21975260972976685,0.42501068115234375,0.6000862121582031,0.48095372319221497,0.2403363585472107,0.5081029534339905
491,0.7151409387588501,0.47408822178840637,0.7024717926979065,0.12122241407632828,0.11012861132621765,0.34705373644828796
492,0.16179372370243073,0.32330912351608276,0.6567546129226685,0.3912768065929413,0.1844874769449234,0.6246074438095093
493,0.18362663686275482,0.41059377789497375,0.6836642622947693,0.34808576107025146,0.19107316434383392,0.5570964813232422
494,0.6942905783653259,0.45327964425086975,0.7201802730560303,0.24293619394302368,0.10385742038488388,0.2923218607902527
495,0.261452317237854,0.5737278461456299,0.7476258277893066,0.323487251996994,0.39824971556663513,0.688858151435852
496,0.3846992254257202,0.6503628492355347,0.7257567644119263,0.3031308054924011,0.23027361929416656,0.7300042510032654
497,0.2774922251701355,0.41565608978271484,0.7875383496284485,0.4116702079772949,0.1263105422258377,0.46561336517333984
498,0.1475433111190796,0.5803336501121521,0.747678279876709,0.41718152165412903,0.14369513094425201,0.6633028984069824
499,0.3719790577888489,0.680709958076477,0.6768642067909241,0.19971641898155212,0.6542335152626038,0.6730031371116638
500,0.24641065299510956,0.646065890789032,0.7088574171066284,0.40324071049690247,0.4678419530391693,0.6712074279785156
501,0.8626861572265625,0.5526267290115356,0.6536356210708618,0.2798617482185364,0.28580442070961,0.5452940464019775
502,0.23365306854248047,0.6159381866455078,0.7940108180046082,0.3365202844142914,0.4339807331562042,0.6429126262664795
503,0.4343651533126831,0.5889970064163208,0.7839441299438477,0.28594741225242615,0.20231854915618896,0.5683146715164185
504,0.21989284455776215,0.7306350469589233,0.6226118803024292,0.2214413434267044,0.6432958245277405,0.7109998464584351
505,0.5414885878562927,0.3726681172847748,0.5686602592468262,0.28261181712150574,0.16320055723190308,0.8258064985275269
506,0.4364033639431,0.5969095230102539,0.7482733726501465,0.2544496953487396,0.20175869762897491,0.5942239761352539
507,0.20547504723072052,0.5269145369529724,0.636073648929596,0.3094026744365692,0.6318098306655884,0.6781998872756958
508,0.8111918568611145,0.7870964407920837,0.7859761118888855,0.2574463188648224,0.29678016901016235,0.6069118976593018
509,0.7383328080177307,0.4268769323825836,0.7599462866783142,0.3165927827358246,0.21745070815086365,0.3225777745246887
510,0.1719130426645279,0.5730267763137817,0.7450048923492432,0.3506287634372711,0.3368375599384308,0.7569950222969055
511,0.6881425380706787,0.6997868418693542,0.7677227854728699,0.21097466349601746,0.17207969725131989,0.3743438720703125
512,0.5293340086936951,0.5223408937454224,0.7789080739021301,0.2684055268764496,0.36847278475761414,0.7078161835670471
513,0.2609235644340515,0.5048535466194153,0.6457834839820862,0.3672206997871399,0.3815334439277649,0.5037077069282532
514,0.5537449717521667,0.5852663516998291,0.769714891910553,0.2618721127510071,0.18305104970932007,0.6997206807136536
515,0.33151179552078247,0.4551970958709717,0.6216198801994324,0.4100536108016968,0.3434625566005707,0.6837416887283325
516,0.2166460156440735,0.4798685610294342,0.6320058703422546,0.3100438117980957,0.2748025953769684,0.6195393204689026
517,0.616593599319458,0.5321588516235352,0.568934977054596,0.18131640553474426,0.26700419187545776,0.6779893040657043
518,0.43406736850738525,0.8062697052955627,0.8763390183448792,0.25595682859420776,0.4082348048686981,0.6718470454216003
519,0.3550701141357422,0.6588238477706909,0.7974570393562317,0.25262078642845154,0.5337234735488892,0.8441655039787292
520,0.21953560411930084,0.5222130417823792,0.7729048728942871,0.2641390860080719,0.29474392533302307,0.5226228833198547
521,0.2547634243965149,0.5746724605560303,0.675857663154602,0.3731952905654907,0.31425023078918457,0.6325246095657349
522,0.26795920729637146,0.7714710235595703,0.8389661312103271,0.24821336567401886,0.18390734493732452,0.6243035793304443
523,0.2872665226459503,0.45879054069519043,0.6722363233566284,0.21231327950954437,0.24171221256256104,0.5529517531394958
524,0.24007506668567657,0.747578501701355,0.7288987040519714,0.45604464411735535,0.4722643792629242,0.698486864566803
525,0.37931331992149353,0.7433142066001892,0.7190571427345276,0.3541799485683441,0.45620664954185486,0.5889334082603455
526,0.3693467080593109,0.666827917098999,0.7409279346466064,0.2556461691856384,0.33181750774383545,0.661686360836029
527,0.2386719137430191,0.5002949237823486,0.70828777551651,0.4350598156452179,0.28920668363571167,0.6060358881950378
528,0.3435657322406769,0.7090053558349609,0.7494173645973206,0.2061157524585724,0.5223854780197144,0.6560108661651611
529,0.7735142707824707,0.8080282807350159,0.7264147996902466,0.2627449631690979,0.2103995680809021,0.6554774045944214
530,0.35104864835739136,0.492233008146286,0.6218990087509155,0.37576043605804443,0.4113706052303314,0.6428287625312805
531,0.3603430986404419,0.5483573079109192,0.6073018908500671,0.40767478942871094,0.300089567899704,0.6170873045921326
532,0.21710965037345886,0.5682382583618164,0.714225172996521,0.49974992871284485,0.3353330194950104,0.5941547155380249
533,0.479701429605484,0.4900413751602173,0.7559937238693237,0.2195046842098236,0.1091640293598175,0.5822086930274963
534,0.2766980528831482,0.3952886760234833,0.6650729775428772,0.3347817063331604,0.2534683644771576,0.7583492398262024
535,0.18749427795410156,0.5627825856208801,0.760159969329834,0.5466778874397278,0.14099273085594177,0.46855905652046204
536,0.17438650131225586,0.6622755527496338,0.7065755128860474,0.24905897676944733,0.4882628321647644,0.6896959543228149
537,0.4095507860183716,0.7779684066772461,0.8036591410636902,0.1529141664505005,0.5162476301193237,0.7292229533195496
538,0.8483383059501648,0.5694632530212402,0.6378734111785889,0.294674277305603,0.3602880537509918,0.5560186505317688
539,0.1789216697216034,0.47770822048187256,0.6911970376968384,0.46748650074005127,0.2769002914428711,0.5845291018486023
540,0.2307107150554657,0.5611234903335571,0.7450737953186035,0.21650603413581848,0.3363301157951355,0.6643040776252747
541,0.23930293321609497,0.5083253979682922,0.7720598578453064,0.4079590439796448,0.1205405741930008,0.48164254426956177
542,0.19676725566387177,0.40931612253189087,0.6794803142547607,0.4308299422264099,0.2509288787841797,0.5707113742828369
543,0.8019875884056091,0.41990014910697937,0.7255500555038452,0.18283939361572266,0.08398083597421646,0.34493231773376465
544,0.3665791153907776,0.3443574011325836,0.8296401500701904,0.5020312070846558,0.06581372022628784,0.3784603774547577
545,0.8272895812988281,0.6338738799095154,0.6943578720092773,0.1474955976009369,0.19622677564620972,0.6710655093193054
546,0.45631271600723267,0.5388045310974121,0.7312564849853516,0.3619696795940399,0.15839137136936188,0.5410594940185547
547,0.5170414447784424,0.6732166409492493,0.6991644501686096,0.35570335388183594,0.42734333872795105,0.5683969855308533
548,0.8693702220916748,0.5848231911659241,0.8374034762382507,0.15694604814052582,0.18631456792354584,0.46146586537361145
549,0.7389885187149048,0.5102539658546448,0.7192373871803284,0.18314610421657562,0.15377835929393768,0.339413046836853
550,0.4297974109649658,0.7334312796592712,0.6669411063194275,0.21020495891571045,0.48852404952049255,0.7097808718681335
551,0.7383592128753662,0.6712806224822998,0.8107346296310425,0.10138555616140366,0.17080092430114746,0.6843728423118591
552,0.15131650865077972,0.5560390949249268,0.6470814943313599,0.34449443221092224,0.46263056993484497,0.768368661403656
553,0.46094831824302673,0.5855523943901062,0.6948993802070618,0.35769885778427124,0.35617923736572266,0.5980928540229797
554,0.3973373770713806,0.6089483499526978,0.7654029130935669,0.535534679889679,0.25253918766975403,0.4156538248062134
555,0.217070072889328,0.51674884557724,0.677166223526001,0.3216688632965088,0.42312777042388916,0.6636335849761963
556,0.4936714768409729,0.7206053137779236,0.823185384273529,0.33567315340042114,0.28376516699790955,0.677584707736969
557,0.2768208682537079,0.5566676259040833,0.7439972758293152,0.4151911735534668,0.39845743775367737,0.5136498808860779
558,0.34941551089286804,0.5021262168884277,0.702987551689148,0.4028240144252777,0.21341939270496368,0.6355564594268799
559,0.3393253684043884,0.6601957678794861,0.8218181729316711,0.4023449420928955,0.3254525065422058,0.5766927599906921
560,0.31062453985214233,0.5059496760368347,0.7024314403533936,0.3628042936325073,0.37780430912971497,0.5631532073020935
561,0.8693757653236389,0.3989069163799286,0.5513147115707397,0.2757736146450043,0.1261977106332779,0.3932632505893707
562,0.49527767300605774,0.6981784105300903,0.7588768005371094,0.2544691562652588,0.5566546320915222,0.6935288906097412
563,0.2806711196899414,0.5496461987495422,0.58621746301651,0.35242363810539246,0.2791975736618042,0.7484596967697144
564,0.26523780822753906,0.7956134676933289,0.7646889686584473,0.40297025442123413,0.2862192392349243,0.614406168460846
565,0.5756876468658447,0.5626906752586365,0.867755651473999,0.43040844798088074,0.12159954011440277,0.49637356400489807
566,0.4161670207977295,0.7530007362365723,0.6883838176727295,0.21261738240718842,0.6199206113815308,0.7562407851219177
567,0.4105021059513092,0.5094455480575562,0.7331807613372803,0.30353567004203796,0.17557425796985626,0.8045119047164917
568,0.16739608347415924,0.47878438234329224,0.5547291040420532,0.3517164885997772,0.5213747024536133,0.683745265007019
569,0.41707757115364075,0.7193992733955383,0.6761224865913391,0.20236440002918243,0.6198174357414246,0.7238317728042603
570,0.6213927865028381,0.833462119102478,0.8186387419700623,0.423535019159317,0.21580421924591064,0.4803121089935303
571,0.25453051924705505,0.6122649312019348,0.6979262828826904,0.36343827843666077,0.25462695956230164,0.5210554003715515
572,0.3981369733810425,0.5721204876899719,0.8420418500900269,0.16287586092948914,0.12979204952716827,0.7319406867027283
573,0.7475804686546326,0.6973048448562622,0.7204755544662476,0.22491233050823212,0.19433075189590454,0.452021986246109
574,0.3805890381336212,0.7290847301483154,0.8232647776603699,0.31662502884864807,0.2808542549610138,0.5642045140266418
575,0.12079285085201263,0.4797913432121277,0.6483792066574097,0.22310076653957367,0.2954784333705902,0.6980690956115723
576,0.6664213538169861,0.46397289633750916,0.7191944122314453,0.19941312074661255,0.11946561187505722,0.3877966105937958
577,0.17403322458267212,0.5183832049369812,0.6195363998413086,0.14671540260314941,0.29165005683898926,0.7407370209693909
578,0.426023006439209,0.6827405691146851,0.7661499977111816,0.5162796378135681,0.30313339829444885,0.5237045288085938
579,0.667026162147522,0.5978363156318665,0.7720456719398499,0.3085760772228241,0.1778576672077179,0.40415462851524353
580,0.28802555799484253,0.6028888821601868,0.6493598222732544,0.4193888008594513,0.46382904052734375,0.6616978645324707
581,0.16045595705509186,0.3331393003463745,0.6603018641471863,0.3631211519241333,0.26306167244911194,0.5798782706260681
582,0.11725281924009323,0.6674259901046753,0.7445039749145508,0.3065738081932068,0.19471964240074158,0.4222240746021271
583,0.2578027546405792,0.5695759057998657,0.7956845164299011,0.35248881578445435,0.22550857067108154,0.6281348466873169
584,0.6774190664291382,0.5711427927017212,0.8012984395027161,0.37503257393836975,0.16523514688014984,0.5686365962028503
585,0.08530588448047638,0.3402368426322937,0.3252345025539398,0.25233152508735657,0.32523223757743835,0.8336265087127686
586,0.7326757311820984,0.6594198346138,0.7539232969284058,0.1655537635087967,0.21820345520973206,0.6533701419830322
587,0.4819357693195343,0.7942932844161987,0.777245819568634,0.2106938511133194,0.4312346279621124,0.846409261226654
